TRAVEL_ID,MAJOR_TRANSPORT,TOTAL_MVMN_WON
e_e000005,['자가용(승용/승합/트럭 등등)'],112300
e_e000043,['자가용(승용/승합/트럭 등등)'],42925
e_e000191,['자가용(승용/승합/트럭 등등)'],98000
e_e000316,['택시'],204300
e_e000668,['자가용(승용/승합/트럭 등등)'],86400
e_e001033,['자가용(승용/승합/트럭 등등)'],88000
e_e001579,['자전거'],25900
e_e002195,"['KTX/SRT(고속열차)', '지하철']",86600
e_e003226,"['버스 + 지하철', '택시']",33300
e_e004870,['자가용(승용/승합/트럭 등등)'],19000
e_e004944,['자가용(승용/승합/트럭 등등)'],30000
e_e007408,['자가용(승용/승합/트럭 등등)'],33400
e_e011214,"['새마을/무궁화열차', '시외/고속버스', '택시']",80900
e_e013132,['렌터카(승용/승합/버스 등등)'],131770
e_e013143,['자가용(승용/승합/트럭 등등)'],8500
e_e013144,['자가용(승용/승합/트럭 등등)'],25000
e_e013149,['자가용(승용/승합/트럭 등등)'],53000
e_e013184,['버스 + 지하철'],86400
e_e013188,['자가용(승용/승합/트럭 등등)'],57800
f_f000001,['자가용(승용/승합/트럭 등등)'],86800
f_f000004,"['배/선박', '자가용(승용/승합/트럭 등등)']",175850
f_f000030,['자가용(승용/승합/트럭 등등)'],50000
f_f001718,['자가용(승용/승합/트럭 등등)'],51400
f_f002508,['자가용(승용/승합/트럭 등등)'],60000
f_f008573,['자가용(승용/승합/트럭 등등)'],55800
f_f009789,['자가용(승용/승합/트럭 등등)'],125100
f_f015537,['자가용(승용/승합/트럭 등등)'],30000
f_f015541,['자가용(승용/승합/트럭 등등)'],68600
f_f016471,['자가용(승용/승합/트럭 등등)'],75200
f_f016830,['KTX/SRT(고속열차)'],44650
g_g000003,['렌터카(승용/승합/버스 등등)'],198900
g_g000004,['자가용(승용/승합/트럭 등등)'],50000
g_g000005,['택시'],66900
g_g000009,['자가용(승용/승합/트럭 등등)'],40200
g_g000010,"['버스 + 지하철', '택시']",13700
g_g000014,['자가용(승용/승합/트럭 등등)'],80000
g_g000016,['자가용(승용/승합/트럭 등등)'],90650
g_g000023,['렌터카(승용/승합/버스 등등)'],78530
g_g000025,['자가용(승용/승합/트럭 등등)'],34669
g_g000026,['자가용(승용/승합/트럭 등등)'],70000
g_g000191,"['KTX/SRT(고속열차)', '버스 + 지하철', '택시']",203100
g_g000195,['자가용(승용/승합/트럭 등등)'],44000
g_g000204,['자가용(승용/승합/트럭 등등)'],95200
g_g000206,['택시'],126420
g_g000208,['자가용(승용/승합/트럭 등등)'],10000
g_g000210,['시외/고속버스'],45000
g_g000215,['자가용(승용/승합/트럭 등등)'],55390
g_g000220,['자가용(승용/승합/트럭 등등)'],65600
g_g000225,['자가용(승용/승합/트럭 등등)'],60000
g_g000226,['자가용(승용/승합/트럭 등등)'],34750
g_g000229,['자가용(승용/승합/트럭 등등)'],86500
g_g000230,['자가용(승용/승합/트럭 등등)'],80000
g_g000231,['자가용(승용/승합/트럭 등등)'],14000
g_g000233,['자가용(승용/승합/트럭 등등)'],60000
g_g000234,['자가용(승용/승합/트럭 등등)'],63000
g_g000235,['렌터카(승용/승합/버스 등등)'],284130
g_g000236,['자가용(승용/승합/트럭 등등)'],113000
g_g000237,['자가용(승용/승합/트럭 등등)'],104600
g_g000239,"['KTX/SRT(고속열차)', '렌터카(승용/승합/버스 등등)', '지하철']",193777
g_g000240,"['KTX/SRT(고속열차)', '택시']",184000
g_g000242,['자가용(승용/승합/트럭 등등)'],146200
g_g000249,['자가용(승용/승합/트럭 등등)'],118400
g_g000250,['자가용(승용/승합/트럭 등등)'],500
g_g000251,['자가용(승용/승합/트럭 등등)'],2700
g_g000252,['자가용(승용/승합/트럭 등등)'],54800
g_g000256,['자가용(승용/승합/트럭 등등)'],65000
g_g000258,['자가용(승용/승합/트럭 등등)'],74833
g_g000259,['자가용(승용/승합/트럭 등등)'],54368
g_g000260,['자가용(승용/승합/트럭 등등)'],71900
g_g000262,"['KTX/SRT(고속열차)', '버스 + 지하철']",106400
g_g000264,['자가용(승용/승합/트럭 등등)'],98100
g_g000265,['자가용(승용/승합/트럭 등등)'],89300
g_g000269,['자가용(승용/승합/트럭 등등)'],65000
g_g000270,"['KTX/SRT(고속열차)', '지하철', '택시']",185800
g_g000285,"['KTX/SRT(고속열차)', '지하철']",64200
g_g000286,['자가용(승용/승합/트럭 등등)'],15000
g_g000287,['자가용(승용/승합/트럭 등등)'],90600
g_g000290,['자가용(승용/승합/트럭 등등)'],85400
g_g000296,['자가용(승용/승합/트럭 등등)'],54700
g_g000298,['자가용(승용/승합/트럭 등등)'],103000
g_g000299,['자가용(승용/승합/트럭 등등)'],30000
g_g000301,['택시'],153700
g_g000305,['자가용(승용/승합/트럭 등등)'],59300
g_g000306,['자가용(승용/승합/트럭 등등)'],39000
g_g000308,['자가용(승용/승합/트럭 등등)'],53400
g_g000309,['자가용(승용/승합/트럭 등등)'],130600
g_g000312,['자가용(승용/승합/트럭 등등)'],80000
g_g000313,"['KTX/SRT(고속열차)', '버스 + 지하철', '새마을/무궁화열차', '시내/마을버스', '자가용(승용/승합/트럭 등등)']",104250
g_g000314,['자가용(승용/승합/트럭 등등)'],201500
g_g000316,['자가용(승용/승합/트럭 등등)'],52400
g_g000318,['자가용(승용/승합/트럭 등등)'],87100
g_g000319,['택시'],25350
g_g000320,['자가용(승용/승합/트럭 등등)'],114305
g_g000321,['버스 + 지하철'],25000
g_g000322,['KTX/SRT(고속열차)'],136500
g_g000328,['자가용(승용/승합/트럭 등등)'],25000
g_g000334,['자가용(승용/승합/트럭 등등)'],64000
g_g000336,['자가용(승용/승합/트럭 등등)'],30000
g_g000338,['KTX/SRT(고속열차)'],54100
g_g000339,['자가용(승용/승합/트럭 등등)'],52800
g_g000341,['자가용(승용/승합/트럭 등등)'],30000
g_g000345,['KTX/SRT(고속열차)'],94400
g_g000346,['자가용(승용/승합/트럭 등등)'],64500
g_g000348,"['버스 + 지하철', '택시']",139300
g_g000351,['자가용(승용/승합/트럭 등등)'],66000
g_g000354,['자가용(승용/승합/트럭 등등)'],10000
g_g000357,['자가용(승용/승합/트럭 등등)'],100000
g_g000361,['자가용(승용/승합/트럭 등등)'],34000
g_g000365,"['새마을/무궁화열차', '지하철']",45500
g_g000367,['자가용(승용/승합/트럭 등등)'],30900
g_g000374,['자가용(승용/승합/트럭 등등)'],55700
g_g000378,['버스 + 지하철'],131400
g_g000379,['자가용(승용/승합/트럭 등등)'],30000
g_g000380,['자가용(승용/승합/트럭 등등)'],98978
g_g000384,['자가용(승용/승합/트럭 등등)'],44730
g_g000387,['자가용(승용/승합/트럭 등등)'],95600
g_g000389,['버스 + 지하철'],39950
g_g000391,['자가용(승용/승합/트럭 등등)'],43000
g_g000392,['자가용(승용/승합/트럭 등등)'],39000
g_g000393,"['KTX/SRT(고속열차)', '버스 + 지하철']",170000
g_g000394,['자가용(승용/승합/트럭 등등)'],79600
g_g000396,['자가용(승용/승합/트럭 등등)'],61262
g_g000397,['자가용(승용/승합/트럭 등등)'],205660
g_g000399,['자가용(승용/승합/트럭 등등)'],120000
g_g000402,"['관광버스', '버스 + 지하철']",34400
g_g000404,['자가용(승용/승합/트럭 등등)'],152600
g_g000405,['자가용(승용/승합/트럭 등등)'],73000
g_g000409,"['기타', '새마을/무궁화열차', '시외/고속버스', '자전거']",84700
g_g000410,['KTX/SRT(고속열차)'],96400
g_g000413,['택시'],137000
g_g000414,"['시외/고속버스', '택시']",92000
g_g000418,['자가용(승용/승합/트럭 등등)'],111000
g_g000419,['택시'],88300
g_g000420,['자가용(승용/승합/트럭 등등)'],2900
g_g000423,['자가용(승용/승합/트럭 등등)'],10000
g_g000425,['자가용(승용/승합/트럭 등등)'],80000
g_g000427,['자가용(승용/승합/트럭 등등)'],76000
g_g000429,"['시외/고속버스', '택시']",19500
g_g000430,['택시'],64400
g_g000435,['자가용(승용/승합/트럭 등등)'],52000
g_g000436,['자가용(승용/승합/트럭 등등)'],56600
g_g000437,['자가용(승용/승합/트럭 등등)'],68599
g_g000440,['자가용(승용/승합/트럭 등등)'],91500
g_g000441,['자가용(승용/승합/트럭 등등)'],23200
g_g000442,"['KTX/SRT(고속열차)', '택시']",292200
g_g000443,['자가용(승용/승합/트럭 등등)'],36000
g_g000447,"['버스 + 지하철', '자가용(승용/승합/트럭 등등)', '택시']",46100
g_g000453,['자가용(승용/승합/트럭 등등)'],116000
g_g000454,['자가용(승용/승합/트럭 등등)'],30000
g_g000459,['자가용(승용/승합/트럭 등등)'],88500
g_g000460,['자가용(승용/승합/트럭 등등)'],50000
g_g000461,['자가용(승용/승합/트럭 등등)'],60000
g_g000464,['자가용(승용/승합/트럭 등등)'],96911
g_g000466,['자가용(승용/승합/트럭 등등)'],50600
g_g000469,"['KTX/SRT(고속열차)', '시내/마을버스']",104000
g_g000471,['자가용(승용/승합/트럭 등등)'],76500
g_g000473,['자가용(승용/승합/트럭 등등)'],30960
g_g000474,['택시'],85980
g_g000477,['자가용(승용/승합/트럭 등등)'],20000
g_g000478,['자가용(승용/승합/트럭 등등)'],87600
g_g000480,['자가용(승용/승합/트럭 등등)'],75600
g_g000481,['자가용(승용/승합/트럭 등등)'],122900
g_g000483,['자가용(승용/승합/트럭 등등)'],55200
g_g000486,['자가용(승용/승합/트럭 등등)'],770000
g_g000487,['자가용(승용/승합/트럭 등등)'],103500
g_g000488,['자가용(승용/승합/트럭 등등)'],30000
g_g000490,['새마을/무궁화열차'],52400
g_g000492,['자가용(승용/승합/트럭 등등)'],62900
g_g000494,['자가용(승용/승합/트럭 등등)'],58600
g_g000498,"['KTX/SRT(고속열차)', '관광버스', '지하철', '택시']",112700
g_g000499,['자가용(승용/승합/트럭 등등)'],67000
g_g000502,"['KTX/SRT(고속열차)', '지하철', '택시']",144050
g_g000503,['자가용(승용/승합/트럭 등등)'],58000
g_g000506,['자가용(승용/승합/트럭 등등)'],6000
g_g000507,['자가용(승용/승합/트럭 등등)'],43100
g_g000508,['자가용(승용/승합/트럭 등등)'],83000
g_g000510,['자가용(승용/승합/트럭 등등)'],58000
g_g000515,['자가용(승용/승합/트럭 등등)'],50000
g_g000516,"['버스 + 지하철', '항공기']",21700
g_g000518,"['시내/마을버스', '택시']",12000
g_g000519,['자가용(승용/승합/트럭 등등)'],52200
g_g000520,['자가용(승용/승합/트럭 등등)'],10000
g_g000522,['자가용(승용/승합/트럭 등등)'],18600
g_g000532,['자가용(승용/승합/트럭 등등)'],30000
g_g000536,['자가용(승용/승합/트럭 등등)'],75200
g_g000540,['자가용(승용/승합/트럭 등등)'],64549
g_g000541,['자가용(승용/승합/트럭 등등)'],71000
g_g000544,"['새마을/무궁화열차', '자전거']",28800
g_g000545,['KTX/SRT(고속열차)'],41300
g_g000546,"['시내/마을버스', '택시']",39500
g_g000552,"['기타', '시외/고속버스']",5500
g_g000556,"['KTX/SRT(고속열차)', '새마을/무궁화열차', '택시']",44600
g_g000558,['자가용(승용/승합/트럭 등등)'],85000
g_g000560,['자가용(승용/승합/트럭 등등)'],109000
g_g000562,['버스 + 지하철'],24700
g_g000569,"['자가용(승용/승합/트럭 등등)', '지하철']",201250
g_g000570,['자가용(승용/승합/트럭 등등)'],110000
g_g000571,['자가용(승용/승합/트럭 등등)'],297000
g_g000572,['자가용(승용/승합/트럭 등등)'],67200
g_g000577,['자가용(승용/승합/트럭 등등)'],135000
g_g000581,['자가용(승용/승합/트럭 등등)'],77600
g_g000582,['자가용(승용/승합/트럭 등등)'],80000
g_g000585,['자가용(승용/승합/트럭 등등)'],34700
g_g000590,['자가용(승용/승합/트럭 등등)'],115600
g_g000592,['자가용(승용/승합/트럭 등등)'],114000
g_g000602,['자가용(승용/승합/트럭 등등)'],68044
g_g000604,['자가용(승용/승합/트럭 등등)'],91300
g_g000605,['자가용(승용/승합/트럭 등등)'],93800
g_g000606,['자가용(승용/승합/트럭 등등)'],59400
g_g000607,['자가용(승용/승합/트럭 등등)'],48200
g_g000610,['자가용(승용/승합/트럭 등등)'],20000
g_g000611,['자가용(승용/승합/트럭 등등)'],80550
g_g000612,['시외/고속버스'],8800
g_g000614,['자가용(승용/승합/트럭 등등)'],27965
g_g000618,['자가용(승용/승합/트럭 등등)'],122100
g_g000619,['자가용(승용/승합/트럭 등등)'],61000
g_g000622,['자가용(승용/승합/트럭 등등)'],56200
g_g000624,"['새마을/무궁화열차', '시내/마을버스', '택시']",36250
g_g000628,['새마을/무궁화열차'],75900
g_g000629,['자가용(승용/승합/트럭 등등)'],81200
g_g000636,['자가용(승용/승합/트럭 등등)'],57200
g_g000637,['자가용(승용/승합/트럭 등등)'],26800
g_g000638,['자가용(승용/승합/트럭 등등)'],429940
g_g000639,['택시'],81900
g_g000642,['자가용(승용/승합/트럭 등등)'],67600
g_g000643,"['관광버스', '택시']",28400
g_g000648,['택시'],70700
g_g000651,['자가용(승용/승합/트럭 등등)'],20000
g_g000653,['렌터카(승용/승합/버스 등등)'],440000
g_g000654,['자가용(승용/승합/트럭 등등)'],86060
g_g000657,['자가용(승용/승합/트럭 등등)'],67600
g_g000658,['자가용(승용/승합/트럭 등등)'],80000
g_g000665,['자가용(승용/승합/트럭 등등)'],100000
g_g000670,['자가용(승용/승합/트럭 등등)'],57800
g_g000672,['자가용(승용/승합/트럭 등등)'],152800
g_g000678,['자가용(승용/승합/트럭 등등)'],62500
g_g000680,['자가용(승용/승합/트럭 등등)'],46000
g_g000681,['자가용(승용/승합/트럭 등등)'],49200
g_g000685,['자가용(승용/승합/트럭 등등)'],97100
g_g000687,['자가용(승용/승합/트럭 등등)'],48600
g_g000688,"['자가용(승용/승합/트럭 등등)', '택시']",8400
g_g000695,"['KTX/SRT(고속열차)', '자가용(승용/승합/트럭 등등)', '지하철']",86000
g_g000696,"['KTX/SRT(고속열차)', '지하철']",37050
g_g000697,"['배/선박', '새마을/무궁화열차', '시내/마을버스']",16400
g_g000698,['자가용(승용/승합/트럭 등등)'],34800
g_g000699,['택시'],95360
g_g000701,"['KTX/SRT(고속열차)', '자가용(승용/승합/트럭 등등)']",112600
g_g000702,['자가용(승용/승합/트럭 등등)'],78300
g_g000703,['KTX/SRT(고속열차)'],198800
g_g000709,"['렌터카(승용/승합/버스 등등)', '시외/고속버스', '택시']",86500
g_g000710,"['KTX/SRT(고속열차)', '새마을/무궁화열차', '시내/마을버스']",49400
g_g000712,"['관광버스', '지하철']",17500
g_g000714,['자가용(승용/승합/트럭 등등)'],64940
g_g000716,['자가용(승용/승합/트럭 등등)'],65600
g_g000717,['자가용(승용/승합/트럭 등등)'],15000
g_g000719,['자가용(승용/승합/트럭 등등)'],68400
g_g000722,['자가용(승용/승합/트럭 등등)'],32600
g_g000726,['택시'],49100
g_g000727,['자가용(승용/승합/트럭 등등)'],77000
g_g000729,['자가용(승용/승합/트럭 등등)'],66900
g_g000730,['자가용(승용/승합/트럭 등등)'],162000
g_g000732,['자가용(승용/승합/트럭 등등)'],95500
g_g000734,['자가용(승용/승합/트럭 등등)'],50000
g_g000735,['자가용(승용/승합/트럭 등등)'],88000
g_g000742,['자가용(승용/승합/트럭 등등)'],29709
g_g000743,['자가용(승용/승합/트럭 등등)'],62600
g_g000747,['자가용(승용/승합/트럭 등등)'],67000
g_g000751,['자가용(승용/승합/트럭 등등)'],50000
g_g000754,['렌터카(승용/승합/버스 등등)'],651600
g_g000756,"['KTX/SRT(고속열차)', '택시']",273800
g_g000758,"['배/선박', '시외/고속버스', '택시']",21400
g_g000769,['자가용(승용/승합/트럭 등등)'],59700
g_g000770,['자가용(승용/승합/트럭 등등)'],20000
g_g000773,"['기타', '지하철', '택시']",72800
g_g000775,['자가용(승용/승합/트럭 등등)'],68200
g_g000776,['자가용(승용/승합/트럭 등등)'],10000
g_g000777,['자가용(승용/승합/트럭 등등)'],600
g_g000779,['자가용(승용/승합/트럭 등등)'],64000
g_g000781,['자가용(승용/승합/트럭 등등)'],101200
g_g000782,['자가용(승용/승합/트럭 등등)'],107600
g_g000784,['자가용(승용/승합/트럭 등등)'],45000
g_g000785,['자가용(승용/승합/트럭 등등)'],15000
g_g000786,['자가용(승용/승합/트럭 등등)'],43000
g_g000788,['자가용(승용/승합/트럭 등등)'],136940
g_g000789,['새마을/무궁화열차'],56351
g_g000790,['자가용(승용/승합/트럭 등등)'],50000
g_g000792,['자가용(승용/승합/트럭 등등)'],98000
g_g000794,['자가용(승용/승합/트럭 등등)'],10000
g_g000796,['자가용(승용/승합/트럭 등등)'],3000
g_g000804,['자가용(승용/승합/트럭 등등)'],81000
g_g000807,['자가용(승용/승합/트럭 등등)'],134500
g_g000808,['자가용(승용/승합/트럭 등등)'],102400
g_g000809,['자가용(승용/승합/트럭 등등)'],55400
g_g000812,['자가용(승용/승합/트럭 등등)'],22600
g_g000815,['자가용(승용/승합/트럭 등등)'],18400
g_g000818,['자가용(승용/승합/트럭 등등)'],50000
g_g000819,['자가용(승용/승합/트럭 등등)'],70000
g_g000820,['자가용(승용/승합/트럭 등등)'],45000
g_g000826,['자가용(승용/승합/트럭 등등)'],29000
g_g000831,['자가용(승용/승합/트럭 등등)'],137400
g_g000832,['자가용(승용/승합/트럭 등등)'],3800
g_g000834,['자가용(승용/승합/트럭 등등)'],34300
g_g000836,['시외/고속버스'],41200
g_g000842,['자가용(승용/승합/트럭 등등)'],130000
g_g000859,['자가용(승용/승합/트럭 등등)'],110000
g_g000861,['자가용(승용/승합/트럭 등등)'],65800
g_g000862,['자가용(승용/승합/트럭 등등)'],59300
g_g000864,['KTX/SRT(고속열차)'],115250
g_g000867,['자가용(승용/승합/트럭 등등)'],169600
g_g000869,['자가용(승용/승합/트럭 등등)'],30000
g_g000871,['자가용(승용/승합/트럭 등등)'],75450
g_g000875,['자가용(승용/승합/트럭 등등)'],65000
g_g000880,['자가용(승용/승합/트럭 등등)'],47585
g_g000881,['자가용(승용/승합/트럭 등등)'],335500
g_g000883,['자가용(승용/승합/트럭 등등)'],39100
g_g000892,['자가용(승용/승합/트럭 등등)'],58000
g_g000898,['택시'],36300
g_g000899,['자가용(승용/승합/트럭 등등)'],91500
g_g000901,['자가용(승용/승합/트럭 등등)'],96500
g_g000902,['버스 + 지하철'],20300
g_g000906,['자가용(승용/승합/트럭 등등)'],75200
g_g000907,"['버스 + 지하철', '택시']",124000
g_g000910,['자가용(승용/승합/트럭 등등)'],83000
g_g000913,['자가용(승용/승합/트럭 등등)'],17800
g_g000916,['자가용(승용/승합/트럭 등등)'],39200
g_g000917,['자가용(승용/승합/트럭 등등)'],36100
g_g000920,['자가용(승용/승합/트럭 등등)'],106910
g_g000931,['자가용(승용/승합/트럭 등등)'],57400
g_g000935,['자가용(승용/승합/트럭 등등)'],92500
g_g000937,['렌터카(승용/승합/버스 등등)'],864310
g_g000938,['자가용(승용/승합/트럭 등등)'],180000
g_g000939,['자가용(승용/승합/트럭 등등)'],89500
g_g000940,"['시외/고속버스', '택시']",142600
g_g000943,['자가용(승용/승합/트럭 등등)'],6600
g_g000944,"['시외/고속버스', '택시']",45100
g_g000945,['자가용(승용/승합/트럭 등등)'],43000
g_g000946,['자가용(승용/승합/트럭 등등)'],64000
g_g000947,['자가용(승용/승합/트럭 등등)'],49600
g_g000949,['자가용(승용/승합/트럭 등등)'],59400
g_g000950,['자가용(승용/승합/트럭 등등)'],90000
g_g000952,['자가용(승용/승합/트럭 등등)'],108000
g_g000954,['자가용(승용/승합/트럭 등등)'],94500
g_g000957,['택시'],9600
g_g000958,['자가용(승용/승합/트럭 등등)'],129024
g_g000959,['자가용(승용/승합/트럭 등등)'],57500
g_g000965,['자가용(승용/승합/트럭 등등)'],92700
g_g000967,['시외/고속버스'],76000
g_g000972,['자가용(승용/승합/트럭 등등)'],144600
g_g000974,['버스 + 지하철'],80000
g_g000976,['자가용(승용/승합/트럭 등등)'],35000
g_g000982,['자가용(승용/승합/트럭 등등)'],103500
g_g000983,['자가용(승용/승합/트럭 등등)'],30000
g_g000985,"['KTX/SRT(고속열차)', '자가용(승용/승합/트럭 등등)']",12900
g_g000986,['자가용(승용/승합/트럭 등등)'],30000
g_g000987,['자가용(승용/승합/트럭 등등)'],30000
g_g000989,['자가용(승용/승합/트럭 등등)'],40500
g_g000991,['자가용(승용/승합/트럭 등등)'],37000
g_g000992,"['KTX/SRT(고속열차)', '새마을/무궁화열차']",137450
g_g000993,['렌터카(승용/승합/버스 등등)'],198217
g_g000996,['버스 + 지하철'],32000
g_g000998,['자가용(승용/승합/트럭 등등)'],110800
g_g001000,['KTX/SRT(고속열차)'],114400
g_g001002,['자가용(승용/승합/트럭 등등)'],8300
g_g001003,"['KTX/SRT(고속열차)', '지하철']",54600
g_g001004,['자가용(승용/승합/트럭 등등)'],220100
g_g001006,['자가용(승용/승합/트럭 등등)'],57000
g_g001008,['자가용(승용/승합/트럭 등등)'],30000
g_g001011,['자가용(승용/승합/트럭 등등)'],72000
g_g001014,['자가용(승용/승합/트럭 등등)'],155664
g_g001016,"['KTX/SRT(고속열차)', '지하철', '택시']",56000
g_g001019,['자가용(승용/승합/트럭 등등)'],66200
g_g001026,['자가용(승용/승합/트럭 등등)'],50000
g_g001028,['자가용(승용/승합/트럭 등등)'],80000
g_g001030,['자가용(승용/승합/트럭 등등)'],22400
g_g001033,['자가용(승용/승합/트럭 등등)'],76000
g_g001034,['자가용(승용/승합/트럭 등등)'],30000
g_g001038,['KTX/SRT(고속열차)'],53500
g_g001039,['자가용(승용/승합/트럭 등등)'],52500
g_g001040,['자가용(승용/승합/트럭 등등)'],60000
g_g001041,['자가용(승용/승합/트럭 등등)'],40000
g_g001046,['자가용(승용/승합/트럭 등등)'],80000
g_g001047,['자가용(승용/승합/트럭 등등)'],35600
g_g001048,['자가용(승용/승합/트럭 등등)'],72800
g_g001050,['자가용(승용/승합/트럭 등등)'],34000
g_g001051,['자가용(승용/승합/트럭 등등)'],66800
g_g001052,['자가용(승용/승합/트럭 등등)'],23000
g_g001053,['택시'],84400
g_g001056,['자가용(승용/승합/트럭 등등)'],66600
g_g001063,['자가용(승용/승합/트럭 등등)'],85500
g_g001068,['자가용(승용/승합/트럭 등등)'],66100
g_g001070,['자가용(승용/승합/트럭 등등)'],55900
g_g001076,['자가용(승용/승합/트럭 등등)'],177000
g_g001077,['자가용(승용/승합/트럭 등등)'],110000
g_g001081,['자가용(승용/승합/트럭 등등)'],245000
g_g001083,['자가용(승용/승합/트럭 등등)'],89250
g_g001086,['지하철'],8200
g_g001095,"['새마을/무궁화열차', '지하철', '택시']",108200
g_g001103,"['KTX/SRT(고속열차)', '버스 + 지하철', '자가용(승용/승합/트럭 등등)']",66000
g_g001104,['자가용(승용/승합/트럭 등등)'],30000
g_g001106,"['시내/마을버스', '자가용(승용/승합/트럭 등등)']",26000
g_g001111,['자가용(승용/승합/트럭 등등)'],45000
g_g001112,['자가용(승용/승합/트럭 등등)'],71500
g_g001113,['자가용(승용/승합/트럭 등등)'],15800
g_g001114,['자가용(승용/승합/트럭 등등)'],66500
g_g001118,"['새마을/무궁화열차', '지하철']",7100
g_g001124,['자전거'],58060
g_g001129,['자가용(승용/승합/트럭 등등)'],11600
g_g001132,['렌터카(승용/승합/버스 등등)'],299250
g_g001133,['자가용(승용/승합/트럭 등등)'],188800
g_g001135,['자가용(승용/승합/트럭 등등)'],46600
g_g001136,['자가용(승용/승합/트럭 등등)'],30600
g_g001138,['자가용(승용/승합/트럭 등등)'],65000
g_g001144,['자가용(승용/승합/트럭 등등)'],67600
g_g001147,['캠핑카(자차 및 렌탈)'],65200
g_g001148,['자가용(승용/승합/트럭 등등)'],15400
g_g001151,['자가용(승용/승합/트럭 등등)'],30000
g_g001154,['자가용(승용/승합/트럭 등등)'],83500
g_g001164,['자가용(승용/승합/트럭 등등)'],67100
g_g001169,['자가용(승용/승합/트럭 등등)'],102000
g_g001171,['자가용(승용/승합/트럭 등등)'],4200
g_g001173,['자가용(승용/승합/트럭 등등)'],48000
g_g001178,['자가용(승용/승합/트럭 등등)'],50000
g_g001189,['자가용(승용/승합/트럭 등등)'],89000
g_g001191,"['관광버스', '지하철']",97400
g_g001194,"['시외/고속버스', '자전거', '택시']",37700
g_g001196,['자가용(승용/승합/트럭 등등)'],60900
g_g001197,['시외/고속버스'],242400
g_g001200,['자가용(승용/승합/트럭 등등)'],70200
g_g001203,['자가용(승용/승합/트럭 등등)'],78000
g_g001204,['자가용(승용/승합/트럭 등등)'],54000
g_g001206,"['KTX/SRT(고속열차)', '렌터카(승용/승합/버스 등등)', '시내/마을버스']",305190
g_g001208,['자가용(승용/승합/트럭 등등)'],70000
g_g001209,['자가용(승용/승합/트럭 등등)'],52000
g_g001219,"['KTX/SRT(고속열차)', '자가용(승용/승합/트럭 등등)']",82800
g_g001221,['자가용(승용/승합/트럭 등등)'],32300
g_g001222,['자가용(승용/승합/트럭 등등)'],80000
g_g001223,['자가용(승용/승합/트럭 등등)'],85000
g_g001224,['자가용(승용/승합/트럭 등등)'],30550
g_g001225,['자가용(승용/승합/트럭 등등)'],5900
g_g001227,['자가용(승용/승합/트럭 등등)'],30000
g_g001230,['자가용(승용/승합/트럭 등등)'],50800
g_g001231,['자가용(승용/승합/트럭 등등)'],110000
g_g001233,['자가용(승용/승합/트럭 등등)'],86500
g_g001235,"['관광버스', '자가용(승용/승합/트럭 등등)']",57800
g_g001237,['자가용(승용/승합/트럭 등등)'],10000
g_g001243,['자가용(승용/승합/트럭 등등)'],50000
g_g001250,['자가용(승용/승합/트럭 등등)'],60000
g_g001256,['자가용(승용/승합/트럭 등등)'],39000
g_g001257,['자가용(승용/승합/트럭 등등)'],48054
g_g001258,['자가용(승용/승합/트럭 등등)'],70000
g_g001261,['자가용(승용/승합/트럭 등등)'],61200
g_g001272,"['KTX/SRT(고속열차)', '지하철']",98600
g_g001273,['자가용(승용/승합/트럭 등등)'],30000
g_g001276,['자가용(승용/승합/트럭 등등)'],132000
g_g001280,['자가용(승용/승합/트럭 등등)'],51500
g_g001288,['자가용(승용/승합/트럭 등등)'],55600
g_g001289,['자가용(승용/승합/트럭 등등)'],40000
g_g001290,['자가용(승용/승합/트럭 등등)'],46600
g_g001291,['자가용(승용/승합/트럭 등등)'],58100
g_g001293,['자가용(승용/승합/트럭 등등)'],11000
g_g001296,['자가용(승용/승합/트럭 등등)'],60000
g_g001297,['자가용(승용/승합/트럭 등등)'],30000
g_g001299,['자가용(승용/승합/트럭 등등)'],90000
g_g001300,['자가용(승용/승합/트럭 등등)'],78000
g_g001301,['KTX/SRT(고속열차)'],75200
g_g001305,['버스 + 지하철'],32200
g_g001309,['KTX/SRT(고속열차)'],34200
g_g001313,['새마을/무궁화열차'],55200
g_g001315,['자가용(승용/승합/트럭 등등)'],7200
g_g001319,['자가용(승용/승합/트럭 등등)'],62400
g_g001320,"['시외/고속버스', '자가용(승용/승합/트럭 등등)', '택시']",31399
g_g001322,['자가용(승용/승합/트럭 등등)'],13000
g_g001323,['자가용(승용/승합/트럭 등등)'],9686
g_g001329,['자가용(승용/승합/트럭 등등)'],40000
g_g001337,"['버스 + 지하철', '택시']",38850
g_g001338,"['시외/고속버스', '택시']",68450
g_g001344,['자가용(승용/승합/트럭 등등)'],65000
g_g001346,['자가용(승용/승합/트럭 등등)'],102800
g_g001350,['자가용(승용/승합/트럭 등등)'],69500
g_g001352,['택시'],11600
g_g001353,"['시외/고속버스', '택시']",24200
g_g001362,['자가용(승용/승합/트럭 등등)'],67000
g_g001364,['자가용(승용/승합/트럭 등등)'],86400
g_g001371,['자가용(승용/승합/트럭 등등)'],14470
g_g001374,['자가용(승용/승합/트럭 등등)'],47500
g_g001381,['자가용(승용/승합/트럭 등등)'],43900
g_g001383,['택시'],22250
g_g001386,['자가용(승용/승합/트럭 등등)'],19200
g_g001388,['자가용(승용/승합/트럭 등등)'],30000
g_g001390,"['새마을/무궁화열차', '시외/고속버스']",15400
g_g001563,['자가용(승용/승합/트럭 등등)'],60000
g_g001564,['자가용(승용/승합/트럭 등등)'],59000
g_g001565,['자가용(승용/승합/트럭 등등)'],12800
g_g001566,['자가용(승용/승합/트럭 등등)'],60000
g_g001567,['자가용(승용/승합/트럭 등등)'],20000
g_g001575,['자가용(승용/승합/트럭 등등)'],115000
g_g001576,['자가용(승용/승합/트럭 등등)'],64800
g_g001580,['새마을/무궁화열차'],58700
g_g001584,['자가용(승용/승합/트럭 등등)'],11000
g_g001587,['자가용(승용/승합/트럭 등등)'],29400
g_g001590,"['KTX/SRT(고속열차)', '지하철', '택시']",64050
g_g001598,['자가용(승용/승합/트럭 등등)'],84900
g_g001599,['자가용(승용/승합/트럭 등등)'],72400
g_g001603,['자가용(승용/승합/트럭 등등)'],101900
g_g001606,['자가용(승용/승합/트럭 등등)'],22800
g_g001611,['자가용(승용/승합/트럭 등등)'],6000
g_g001612,['자가용(승용/승합/트럭 등등)'],42700
g_g001614,['자가용(승용/승합/트럭 등등)'],16500
g_g001615,['자가용(승용/승합/트럭 등등)'],26000
g_g001619,['자가용(승용/승합/트럭 등등)'],106600
g_g001620,['자가용(승용/승합/트럭 등등)'],49922
g_g001621,['시내/마을버스'],3000
g_g001623,['자가용(승용/승합/트럭 등등)'],30000
g_g001625,['자가용(승용/승합/트럭 등등)'],12600
g_g001630,['자가용(승용/승합/트럭 등등)'],71000
g_g001640,['자가용(승용/승합/트럭 등등)'],61470
g_g001645,['자가용(승용/승합/트럭 등등)'],71800
g_g001646,"['새마을/무궁화열차', '시외/고속버스', '자가용(승용/승합/트럭 등등)']",87100
g_g001648,['자가용(승용/승합/트럭 등등)'],20000
g_g001650,['자가용(승용/승합/트럭 등등)'],30300
g_g001651,['자가용(승용/승합/트럭 등등)'],60000
g_g001652,['자가용(승용/승합/트럭 등등)'],24500
g_g001656,['새마을/무궁화열차'],38550
g_g001662,['자가용(승용/승합/트럭 등등)'],82600
g_g001665,['자가용(승용/승합/트럭 등등)'],20000
g_g001668,['버스 + 지하철'],64700
g_g001669,['자가용(승용/승합/트럭 등등)'],33600
g_g001673,['자가용(승용/승합/트럭 등등)'],19000
g_g001674,['자가용(승용/승합/트럭 등등)'],65250
g_g001677,['자가용(승용/승합/트럭 등등)'],3600
g_g001678,"['시외/고속버스', '택시']",188200
g_g001681,['자가용(승용/승합/트럭 등등)'],44600
g_g001682,['자가용(승용/승합/트럭 등등)'],67500
g_g001684,['자가용(승용/승합/트럭 등등)'],20000
g_g001686,['자가용(승용/승합/트럭 등등)'],30000
g_g001689,['자가용(승용/승합/트럭 등등)'],30000
g_g001690,['택시'],60260
g_g001692,['자가용(승용/승합/트럭 등등)'],63000
g_g001695,['버스 + 지하철'],25800
g_g001697,['자가용(승용/승합/트럭 등등)'],72500
g_g001698,['자가용(승용/승합/트럭 등등)'],25400
g_g001700,['자가용(승용/승합/트럭 등등)'],100000
g_g001701,['자가용(승용/승합/트럭 등등)'],108837
g_g001702,"['자가용(승용/승합/트럭 등등)', '택시']",102200
g_g001703,['시외/고속버스'],85200
g_g001704,['시외/고속버스'],26000
g_g001708,['자가용(승용/승합/트럭 등등)'],33800
g_g001710,['택시'],36400
g_g001715,['버스 + 지하철'],20000
g_g001716,['시외/고속버스'],44000
g_g001718,['자가용(승용/승합/트럭 등등)'],60000
g_g001721,['자가용(승용/승합/트럭 등등)'],63000
g_g001722,"['KTX/SRT(고속열차)', '택시']",51900
g_g001733,['자가용(승용/승합/트럭 등등)'],21300
g_g001734,"['KTX/SRT(고속열차)', '버스 + 지하철', '새마을/무궁화열차']",46700
g_g001740,['자가용(승용/승합/트럭 등등)'],77900
g_g001741,['KTX/SRT(고속열차)'],239300
g_g001743,['자가용(승용/승합/트럭 등등)'],8000
g_g001753,['자가용(승용/승합/트럭 등등)'],28800
g_g001755,['자가용(승용/승합/트럭 등등)'],97200
g_g001761,['자가용(승용/승합/트럭 등등)'],89000
g_g001763,['자가용(승용/승합/트럭 등등)'],60000
g_g001764,['자가용(승용/승합/트럭 등등)'],56000
g_g001765,['자가용(승용/승합/트럭 등등)'],53700
g_g001768,['자가용(승용/승합/트럭 등등)'],98100
g_g001779,"['KTX/SRT(고속열차)', '자가용(승용/승합/트럭 등등)']",92200
g_g001786,['자가용(승용/승합/트럭 등등)'],53165
g_g001789,"['버스 + 지하철', '택시']",47400
g_g001791,['자가용(승용/승합/트럭 등등)'],52400
g_g001794,['자가용(승용/승합/트럭 등등)'],51700
g_g001795,['자가용(승용/승합/트럭 등등)'],93900
g_g001796,"['버스 + 지하철', '자가용(승용/승합/트럭 등등)']",35400
g_g001797,['자가용(승용/승합/트럭 등등)'],85100
g_g001798,['자가용(승용/승합/트럭 등등)'],59000
g_g001803,['자가용(승용/승합/트럭 등등)'],9700
g_g001806,['자가용(승용/승합/트럭 등등)'],117500
g_g001810,['자가용(승용/승합/트럭 등등)'],39200
g_g001812,['자가용(승용/승합/트럭 등등)'],23200
g_g001818,"['기타', '시외/고속버스', '택시']",309680
g_g001819,"['KTX/SRT(고속열차)', '버스 + 지하철', '택시']",144200
g_g001826,['자가용(승용/승합/트럭 등등)'],44456
g_g001829,['버스 + 지하철'],24650
g_g001830,['새마을/무궁화열차'],15100
g_g001832,['자가용(승용/승합/트럭 등등)'],55200
g_g001833,['자가용(승용/승합/트럭 등등)'],40000
g_g001834,['자가용(승용/승합/트럭 등등)'],14000
g_g001835,['자가용(승용/승합/트럭 등등)'],20000
g_g001836,['자가용(승용/승합/트럭 등등)'],69700
g_g001837,['렌터카(승용/승합/버스 등등)'],85120
g_g001846,['자가용(승용/승합/트럭 등등)'],30000
g_g001850,['자가용(승용/승합/트럭 등등)'],31500
g_g001856,['자가용(승용/승합/트럭 등등)'],121000
g_g001857,['자가용(승용/승합/트럭 등등)'],2700
g_g001859,['자가용(승용/승합/트럭 등등)'],10000
g_g001866,['시내/마을버스'],2500
g_g001868,['자가용(승용/승합/트럭 등등)'],63200
g_g001875,['자가용(승용/승합/트럭 등등)'],30000
g_g001876,['자가용(승용/승합/트럭 등등)'],30000
g_g001880,['렌터카(승용/승합/버스 등등)'],8900
g_g001881,"['시외/고속버스', '택시']",54700
g_g001884,['자가용(승용/승합/트럭 등등)'],70000
g_g001888,['자가용(승용/승합/트럭 등등)'],30000
g_g001890,['자가용(승용/승합/트럭 등등)'],50000
g_g001891,['택시'],24000
g_g001895,['자가용(승용/승합/트럭 등등)'],60400
g_g001900,['자가용(승용/승합/트럭 등등)'],56500
g_g001913,['자가용(승용/승합/트럭 등등)'],107600
g_g001928,['시외/고속버스'],13400
g_g001929,"['관광버스', '버스 + 지하철']",42000
g_g001932,['자가용(승용/승합/트럭 등등)'],49300
g_g001947,['시외/고속버스'],18900
g_g001954,['자가용(승용/승합/트럭 등등)'],23081
g_g001964,"['새마을/무궁화열차', '지하철', '택시']",61800
g_g001965,['자가용(승용/승합/트럭 등등)'],75000
g_g001977,['자가용(승용/승합/트럭 등등)'],35000
g_g001981,['자가용(승용/승합/트럭 등등)'],47400
g_g001984,['자가용(승용/승합/트럭 등등)'],68000
g_g001993,['자가용(승용/승합/트럭 등등)'],66000
g_g002014,"['자가용(승용/승합/트럭 등등)', '자전거']",63200
g_g002019,['택시'],132640
g_g002028,['자가용(승용/승합/트럭 등등)'],27600
g_g002032,['자가용(승용/승합/트럭 등등)'],63100
g_g002035,"['KTX/SRT(고속열차)', '버스 + 지하철', '택시']",180200
g_g002037,['자가용(승용/승합/트럭 등등)'],90500
g_g002041,['자가용(승용/승합/트럭 등등)'],60000
g_g002046,['자가용(승용/승합/트럭 등등)'],50000
g_g002048,['자가용(승용/승합/트럭 등등)'],30000
g_g002056,['자가용(승용/승합/트럭 등등)'],73300
g_g002059,['자가용(승용/승합/트럭 등등)'],86350
g_g002073,['자가용(승용/승합/트럭 등등)'],24600
g_g002075,"['시외/고속버스', '자가용(승용/승합/트럭 등등)']",16600
g_g002078,"['KTX/SRT(고속열차)', '새마을/무궁화열차', '시내/마을버스', '택시']",31800
g_g002088,['자가용(승용/승합/트럭 등등)'],67400
g_g002089,['자가용(승용/승합/트럭 등등)'],64300
g_g002094,['렌터카(승용/승합/버스 등등)'],128282
g_g002098,['자가용(승용/승합/트럭 등등)'],48000
g_g002104,['자가용(승용/승합/트럭 등등)'],23300
g_g002109,['자가용(승용/승합/트럭 등등)'],35000
g_g002110,['자가용(승용/승합/트럭 등등)'],243800
g_g002122,['자가용(승용/승합/트럭 등등)'],20000
g_g002127,['자가용(승용/승합/트럭 등등)'],46200
g_g002130,['자가용(승용/승합/트럭 등등)'],53500
g_g002134,['자가용(승용/승합/트럭 등등)'],52200
g_g002144,['KTX/SRT(고속열차)'],133400
g_g002148,['자가용(승용/승합/트럭 등등)'],30000
g_g002151,"['렌터카(승용/승합/버스 등등)', '버스 + 지하철', '택시']",137380
g_g002152,['자가용(승용/승합/트럭 등등)'],43929
g_g002154,['자가용(승용/승합/트럭 등등)'],52000
g_g002159,['자가용(승용/승합/트럭 등등)'],64800
g_g002164,"['자전거', '택시']",36100
g_g002169,['자가용(승용/승합/트럭 등등)'],109679
g_g002176,['자가용(승용/승합/트럭 등등)'],53400
g_g002177,['자가용(승용/승합/트럭 등등)'],84100
g_g002178,['자가용(승용/승합/트럭 등등)'],10000
g_g002189,['자가용(승용/승합/트럭 등등)'],98964
g_g002190,"['KTX/SRT(고속열차)', '버스 + 지하철', '택시']",88500
g_g002195,['자가용(승용/승합/트럭 등등)'],27550
g_g002202,"['KTX/SRT(고속열차)', '버스 + 지하철', '택시']",97700
g_g002207,['자가용(승용/승합/트럭 등등)'],69300
g_g002212,['자가용(승용/승합/트럭 등등)'],1200
g_g002214,['자가용(승용/승합/트럭 등등)'],30000
g_g002219,['자가용(승용/승합/트럭 등등)'],100000
g_g002220,"['버스 + 지하철', '자가용(승용/승합/트럭 등등)']",60000
g_g002222,['자가용(승용/승합/트럭 등등)'],52000
g_g002223,['자가용(승용/승합/트럭 등등)'],101000
g_g002224,['KTX/SRT(고속열차)'],32600
g_g002230,['자가용(승용/승합/트럭 등등)'],50000
g_g002232,['택시'],19700
g_g002233,['자가용(승용/승합/트럭 등등)'],20000
g_g002235,['시외/고속버스'],5400
g_g002238,"['KTX/SRT(고속열차)', '버스 + 지하철', '새마을/무궁화열차']",32450
g_g002241,['자가용(승용/승합/트럭 등등)'],10400
g_g002242,['자가용(승용/승합/트럭 등등)'],36400
g_g002244,['렌터카(승용/승합/버스 등등)'],110000
g_g002245,['자가용(승용/승합/트럭 등등)'],50800
g_g002247,['자가용(승용/승합/트럭 등등)'],73100
g_g002255,['자가용(승용/승합/트럭 등등)'],56000
g_g002256,['자가용(승용/승합/트럭 등등)'],39500
g_g002258,['자가용(승용/승합/트럭 등등)'],20000
g_g002264,['자가용(승용/승합/트럭 등등)'],113400
g_g002271,['렌터카(승용/승합/버스 등등)'],268288
g_g002273,['자가용(승용/승합/트럭 등등)'],80000
g_g002275,['자가용(승용/승합/트럭 등등)'],14000
g_g002412,['자가용(승용/승합/트럭 등등)'],47320
g_g002416,['자가용(승용/승합/트럭 등등)'],58000
g_g002417,"['시외/고속버스', '택시']",50600
g_g002421,['자가용(승용/승합/트럭 등등)'],68000
g_g002429,['자가용(승용/승합/트럭 등등)'],55000
g_g002431,['자가용(승용/승합/트럭 등등)'],28600
g_g002436,"['새마을/무궁화열차', '지하철']",22700
g_g002438,['자가용(승용/승합/트럭 등등)'],88000
g_g002440,['자가용(승용/승합/트럭 등등)'],40000
g_g002441,['자가용(승용/승합/트럭 등등)'],53600
g_g002445,['택시'],55700
g_g002446,['택시'],118081
g_g002460,['자가용(승용/승합/트럭 등등)'],105900
g_g002465,['렌터카(승용/승합/버스 등등)'],136610
g_g002466,['자가용(승용/승합/트럭 등등)'],48000
g_g002472,"['새마을/무궁화열차', '시외/고속버스', '택시']",100000
g_g002473,['자가용(승용/승합/트럭 등등)'],79700
g_g002475,['자가용(승용/승합/트럭 등등)'],17750
g_g002478,"['시외/고속버스', '택시']",41200
g_g002483,['자가용(승용/승합/트럭 등등)'],33800
g_g002492,['자가용(승용/승합/트럭 등등)'],7000
g_g002496,['자가용(승용/승합/트럭 등등)'],94100
g_g002497,['자가용(승용/승합/트럭 등등)'],21000
g_g002500,['자가용(승용/승합/트럭 등등)'],48800
g_g002513,['KTX/SRT(고속열차)'],112300
g_g002516,['자가용(승용/승합/트럭 등등)'],91900
g_g002519,"['KTX/SRT(고속열차)', '시외/고속버스']",39300
g_g002521,['자가용(승용/승합/트럭 등등)'],66600
g_g002538,['시외/고속버스'],113300
g_g002542,['자가용(승용/승합/트럭 등등)'],71100
g_g002545,"['KTX/SRT(고속열차)', '렌터카(승용/승합/버스 등등)', '택시']",167200
g_g002546,['자가용(승용/승합/트럭 등등)'],50000
g_g002552,['택시'],69500
g_g002554,['자가용(승용/승합/트럭 등등)'],73800
g_g002560,['자가용(승용/승합/트럭 등등)'],53400
g_g002564,['시외/고속버스'],35000
g_g002565,['자가용(승용/승합/트럭 등등)'],74300
g_g002570,['자가용(승용/승합/트럭 등등)'],40000
g_g002583,['택시'],92240
g_g002585,['자가용(승용/승합/트럭 등등)'],5800
g_g002588,['택시'],81812
g_g002593,['자가용(승용/승합/트럭 등등)'],61080
g_g002601,['KTX/SRT(고속열차)'],50600
g_g002603,['자가용(승용/승합/트럭 등등)'],50000
g_g002606,['자가용(승용/승합/트럭 등등)'],4200
g_g002607,['자가용(승용/승합/트럭 등등)'],15700
g_g002616,['자가용(승용/승합/트럭 등등)'],48000
g_g002620,['자가용(승용/승합/트럭 등등)'],20000
g_g002622,"['새마을/무궁화열차', '택시']",60500
g_g002624,['자가용(승용/승합/트럭 등등)'],64100
g_g002626,"['KTX/SRT(고속열차)', '택시']",59300
g_g002627,['자가용(승용/승합/트럭 등등)'],30000
g_g002632,"['KTX/SRT(고속열차)', '지하철']",21998
g_g002633,['자가용(승용/승합/트럭 등등)'],15000
g_g002636,['자가용(승용/승합/트럭 등등)'],47600
g_g002637,['자가용(승용/승합/트럭 등등)'],10000
g_g002638,"['KTX/SRT(고속열차)', '시외/고속버스', '택시']",87100
g_g002647,['자가용(승용/승합/트럭 등등)'],75000
g_g002648,['자가용(승용/승합/트럭 등등)'],65000
g_g002657,"['KTX/SRT(고속열차)', '버스 + 지하철', '택시']",204300
g_g002658,"['KTX/SRT(고속열차)', '렌터카(승용/승합/버스 등등)', '시내/마을버스', '택시']",181920
g_g002668,['자가용(승용/승합/트럭 등등)'],99700
g_g002671,['택시'],8000
g_g002679,['자가용(승용/승합/트럭 등등)'],20000
g_g002680,"['KTX/SRT(고속열차)', '시외/고속버스', '택시']",85600
g_g002683,['자가용(승용/승합/트럭 등등)'],30000
g_g002688,['자가용(승용/승합/트럭 등등)'],42500
g_g002691,['자가용(승용/승합/트럭 등등)'],79929
g_g002693,['버스 + 지하철'],66300
g_g002698,['자가용(승용/승합/트럭 등등)'],54000
g_g002701,"['KTX/SRT(고속열차)', '버스 + 지하철']",57900
g_g002702,['자가용(승용/승합/트럭 등등)'],44500
g_g002703,['자가용(승용/승합/트럭 등등)'],50000
g_g002704,['자가용(승용/승합/트럭 등등)'],60000
g_g002705,['자가용(승용/승합/트럭 등등)'],60000
g_g002711,['자가용(승용/승합/트럭 등등)'],61000
g_g002718,['자가용(승용/승합/트럭 등등)'],56400
g_g002719,['렌터카(승용/승합/버스 등등)'],137515
g_g002727,['자가용(승용/승합/트럭 등등)'],63000
g_g002729,['자가용(승용/승합/트럭 등등)'],52400
g_g002731,['자가용(승용/승합/트럭 등등)'],180600
g_g002732,['자가용(승용/승합/트럭 등등)'],10000
g_g002735,"['KTX/SRT(고속열차)', '지하철', '택시']",23900
g_g002738,['자가용(승용/승합/트럭 등등)'],79000
g_g002744,['시외/고속버스'],42000
g_g002745,['자가용(승용/승합/트럭 등등)'],10000
g_g002750,"['버스 + 지하철', '택시']",23160
g_g002752,['자가용(승용/승합/트럭 등등)'],8000
g_g002753,['자가용(승용/승합/트럭 등등)'],58000
g_g002759,['자가용(승용/승합/트럭 등등)'],66000
g_g002760,['자가용(승용/승합/트럭 등등)'],70800
g_g002762,['자가용(승용/승합/트럭 등등)'],8000
g_g002764,['자가용(승용/승합/트럭 등등)'],1400
g_g002765,['자가용(승용/승합/트럭 등등)'],20000
g_g002766,"['KTX/SRT(고속열차)', '자가용(승용/승합/트럭 등등)']",66500
g_g002767,"['KTX/SRT(고속열차)', '버스 + 지하철']",82200
g_g002770,['자가용(승용/승합/트럭 등등)'],62900
g_g002776,['자가용(승용/승합/트럭 등등)'],46000
g_g002784,['자가용(승용/승합/트럭 등등)'],48500
g_g002793,['자가용(승용/승합/트럭 등등)'],50000
g_g002795,['자가용(승용/승합/트럭 등등)'],125000
g_g002798,['자가용(승용/승합/트럭 등등)'],50910
g_g002802,['자가용(승용/승합/트럭 등등)'],26600
g_g002804,"['KTX/SRT(고속열차)', '렌터카(승용/승합/버스 등등)']",186800
g_g002806,"['KTX/SRT(고속열차)', '지하철']",64750
g_g002809,['택시'],120400
g_g002811,['자가용(승용/승합/트럭 등등)'],57800
g_g002819,"['시외/고속버스', '택시']",87000
g_g002820,['자가용(승용/승합/트럭 등등)'],27800
g_g002825,['자가용(승용/승합/트럭 등등)'],65200
g_g002827,['택시'],11700
g_g002828,['자가용(승용/승합/트럭 등등)'],78986
g_g002829,['자가용(승용/승합/트럭 등등)'],57000
g_g002832,['자가용(승용/승합/트럭 등등)'],57900
g_g002833,['자가용(승용/승합/트럭 등등)'],39931
g_g002837,['자가용(승용/승합/트럭 등등)'],45850
g_g002838,['택시'],14500
g_g002841,"['새마을/무궁화열차', '자가용(승용/승합/트럭 등등)']",89100
g_g002842,['자가용(승용/승합/트럭 등등)'],20200
g_g002851,"['KTX/SRT(고속열차)', '버스 + 지하철', '택시']",55650
g_g002854,"['KTX/SRT(고속열차)', '지하철', '택시']",268800
g_g002856,['자가용(승용/승합/트럭 등등)'],30000
g_g002857,['버스 + 지하철'],76400
g_g002865,['시외/고속버스'],12600
g_g002867,['택시'],41100
g_g002872,['자가용(승용/승합/트럭 등등)'],50000
g_g002875,['자가용(승용/승합/트럭 등등)'],48426
g_g002880,['자가용(승용/승합/트럭 등등)'],72000
g_g002886,"['시외/고속버스', '택시']",38700
g_g002887,['자가용(승용/승합/트럭 등등)'],70000
g_g002890,['자가용(승용/승합/트럭 등등)'],80000
g_g002891,['자가용(승용/승합/트럭 등등)'],30000
g_g002896,['KTX/SRT(고속열차)'],78950
g_g002897,"['새마을/무궁화열차', '지하철', '택시']",85400
g_g002903,['자가용(승용/승합/트럭 등등)'],72400
g_g002906,['자가용(승용/승합/트럭 등등)'],5100
g_g002907,['자가용(승용/승합/트럭 등등)'],12400
g_g002908,['자가용(승용/승합/트럭 등등)'],48800
g_g002912,['KTX/SRT(고속열차)'],80000
g_g002916,['자가용(승용/승합/트럭 등등)'],48600
g_g002918,['자가용(승용/승합/트럭 등등)'],59542
g_g002928,"['버스 + 지하철', '택시']",83150
g_g002933,['렌터카(승용/승합/버스 등등)'],159030
g_g002943,['자가용(승용/승합/트럭 등등)'],10700
g_g002944,['자가용(승용/승합/트럭 등등)'],60000
g_g002946,['렌터카(승용/승합/버스 등등)'],130390
g_g002949,['자가용(승용/승합/트럭 등등)'],75900
g_g002952,['택시'],61800
g_g002953,['자가용(승용/승합/트럭 등등)'],40000
g_g002955,['새마을/무궁화열차'],27050
g_g002963,"['새마을/무궁화열차', '자가용(승용/승합/트럭 등등)', '택시']",66200
g_g002967,['자가용(승용/승합/트럭 등등)'],44800
g_g002974,['자가용(승용/승합/트럭 등등)'],60000
g_g002975,['자가용(승용/승합/트럭 등등)'],13900
g_g002983,['자가용(승용/승합/트럭 등등)'],52000
g_g002985,['자가용(승용/승합/트럭 등등)'],30000
g_g002986,['자가용(승용/승합/트럭 등등)'],116200
g_g002987,['자가용(승용/승합/트럭 등등)'],30000
g_g002988,"['자가용(승용/승합/트럭 등등)', '지하철']",17000
g_g002989,['자가용(승용/승합/트럭 등등)'],63477
g_g002991,['자가용(승용/승합/트럭 등등)'],52100
g_g002993,['자가용(승용/승합/트럭 등등)'],105100
g_g002995,"['KTX/SRT(고속열차)', '시외/고속버스', '택시']",68000
g_g002999,"['시외/고속버스', '택시']",34100
g_g003001,['자가용(승용/승합/트럭 등등)'],123000
g_g003004,['자가용(승용/승합/트럭 등등)'],45500
g_g003019,['자가용(승용/승합/트럭 등등)'],20000
g_g003026,['자가용(승용/승합/트럭 등등)'],50000
g_g003028,"['KTX/SRT(고속열차)', '지하철', '택시']",66800
g_g003034,['자가용(승용/승합/트럭 등등)'],67600
g_g003035,['자가용(승용/승합/트럭 등등)'],74400
g_g003039,['자가용(승용/승합/트럭 등등)'],46000
g_g003042,['자가용(승용/승합/트럭 등등)'],2800
g_g003043,['자가용(승용/승합/트럭 등등)'],38000
g_g003047,"['KTX/SRT(고속열차)', '택시']",107900
g_g003050,"['시외/고속버스', '택시']",16600
g_g003051,['자가용(승용/승합/트럭 등등)'],51600
g_g003053,['자가용(승용/승합/트럭 등등)'],34000
g_g003058,['택시'],68700
g_g003059,['자가용(승용/승합/트럭 등등)'],62200
g_g003061,"['KTX/SRT(고속열차)', '새마을/무궁화열차', '시내/마을버스', '택시']",113800
g_g003062,"['지하철', '택시']",18400
g_g003064,"['시외/고속버스', '택시']",51300
g_g003065,['택시'],26850
g_g003067,['자가용(승용/승합/트럭 등등)'],83000
g_g003068,['렌터카(승용/승합/버스 등등)'],77610
g_g003071,['자가용(승용/승합/트럭 등등)'],85300
g_g003077,['자가용(승용/승합/트럭 등등)'],18800
g_g003079,['자가용(승용/승합/트럭 등등)'],65000
g_g003086,['자가용(승용/승합/트럭 등등)'],9100
g_g003090,['자가용(승용/승합/트럭 등등)'],61960
g_g003092,['자가용(승용/승합/트럭 등등)'],30000
g_g003096,"['시외/고속버스', '택시']",54000
g_g003097,"['KTX/SRT(고속열차)', '버스 + 지하철', '택시']",171200
g_g003098,['자가용(승용/승합/트럭 등등)'],59200
g_g003101,['자가용(승용/승합/트럭 등등)'],15000
g_g003104,['자가용(승용/승합/트럭 등등)'],53200
g_g003108,['자가용(승용/승합/트럭 등등)'],16000
g_g003115,['KTX/SRT(고속열차)'],23800
g_g003118,['자가용(승용/승합/트럭 등등)'],50000
g_g003119,['시외/고속버스'],44700
g_g003120,['택시'],35200
g_g003121,"['시외/고속버스', '택시']",6100
g_g003130,['자가용(승용/승합/트럭 등등)'],53000
g_g003135,['자가용(승용/승합/트럭 등등)'],40000
g_g003137,['버스 + 지하철'],64400
g_g003140,['자가용(승용/승합/트럭 등등)'],50000
g_g003143,"['렌터카(승용/승합/버스 등등)', '새마을/무궁화열차', '택시']",75930
g_g003144,['자가용(승용/승합/트럭 등등)'],94500
g_g003145,['자가용(승용/승합/트럭 등등)'],70000
g_g003150,['자가용(승용/승합/트럭 등등)'],63000
g_g003151,['자가용(승용/승합/트럭 등등)'],36150
g_g003153,['택시'],64300
g_g003159,['자가용(승용/승합/트럭 등등)'],54200
g_g003162,['자가용(승용/승합/트럭 등등)'],30000
g_g003165,"['시외/고속버스', '지하철']",38450
g_g003168,['자가용(승용/승합/트럭 등등)'],128000
g_g003169,['자가용(승용/승합/트럭 등등)'],21900
g_g003173,['KTX/SRT(고속열차)'],48150
g_g003174,['자가용(승용/승합/트럭 등등)'],35900
g_g003177,['자가용(승용/승합/트럭 등등)'],67400
g_g003179,['자가용(승용/승합/트럭 등등)'],35400
g_g003182,['자가용(승용/승합/트럭 등등)'],61600
g_g003189,['자가용(승용/승합/트럭 등등)'],80200
g_g003192,['자가용(승용/승합/트럭 등등)'],48850
g_g003193,['택시'],56700
g_g003195,['자가용(승용/승합/트럭 등등)'],3000
g_g003196,['택시'],59000
g_g003199,['시외/고속버스'],63610
g_g003202,['자가용(승용/승합/트럭 등등)'],69400
g_g003208,['자가용(승용/승합/트럭 등등)'],59800
g_g003210,['자가용(승용/승합/트럭 등등)'],15600
g_g003212,['자가용(승용/승합/트럭 등등)'],34000
g_g003217,"['새마을/무궁화열차', '지하철']",24700
g_g003221,['택시'],119500
g_g003224,['자가용(승용/승합/트럭 등등)'],55000
g_g003227,['자가용(승용/승합/트럭 등등)'],45800
g_g003235,"['시외/고속버스', '택시']",30750
g_g003238,['자가용(승용/승합/트럭 등등)'],84300
g_g003243,['자가용(승용/승합/트럭 등등)'],36160
g_g003246,['자가용(승용/승합/트럭 등등)'],750
g_g003251,['자가용(승용/승합/트럭 등등)'],40000
g_g003252,['자가용(승용/승합/트럭 등등)'],20000
g_g003255,['자가용(승용/승합/트럭 등등)'],44200
g_g003266,['자가용(승용/승합/트럭 등등)'],10000
g_g003267,['자가용(승용/승합/트럭 등등)'],66000
g_g003278,['자가용(승용/승합/트럭 등등)'],50200
g_g003281,['택시'],145700
g_g003284,['버스 + 지하철'],31900
g_g003290,['자가용(승용/승합/트럭 등등)'],50600
g_g003296,"['KTX/SRT(고속열차)', '시내/마을버스']",100800
g_g003301,"['KTX/SRT(고속열차)', '자가용(승용/승합/트럭 등등)', '지하철']",61200
g_g003307,['렌터카(승용/승합/버스 등등)'],165000
g_g003308,['자가용(승용/승합/트럭 등등)'],65400
g_g003314,['자가용(승용/승합/트럭 등등)'],46000
g_g003323,['자가용(승용/승합/트럭 등등)'],48660
g_g003326,"['KTX/SRT(고속열차)', '버스 + 지하철', '택시']",59800
g_g003329,['자가용(승용/승합/트럭 등등)'],75000
g_g003334,['시내/마을버스'],18600
g_g003335,"['KTX/SRT(고속열차)', '버스 + 지하철']",59900
g_g003337,['자가용(승용/승합/트럭 등등)'],32000
g_g003340,['자가용(승용/승합/트럭 등등)'],76200
g_g003352,['KTX/SRT(고속열차)'],28200
g_g003353,['시외/고속버스'],66400
g_g003355,['자가용(승용/승합/트럭 등등)'],31400
g_g003369,['택시'],103450
g_g003370,"['새마을/무궁화열차', '지하철', '택시']",37600
g_g003372,['시외/고속버스'],49000
g_g003376,['자가용(승용/승합/트럭 등등)'],50000
g_g003382,['자가용(승용/승합/트럭 등등)'],65000
g_g003388,['자가용(승용/승합/트럭 등등)'],69300
g_g003391,['KTX/SRT(고속열차)'],51300
g_g003394,"['KTX/SRT(고속열차)', '시내/마을버스', '택시']",30100
g_g003398,['자가용(승용/승합/트럭 등등)'],70000
g_g003399,"['KTX/SRT(고속열차)', '시외/고속버스', '택시']",48700
g_g003403,['자가용(승용/승합/트럭 등등)'],80800
g_g003408,"['지하철', '택시']",25000
g_g003418,"['시외/고속버스', '택시']",29120
g_g003420,"['KTX/SRT(고속열차)', '버스 + 지하철', '택시']",173100
g_g003422,['자가용(승용/승합/트럭 등등)'],87000
g_g003429,['자가용(승용/승합/트럭 등등)'],61800
g_g003444,['자가용(승용/승합/트럭 등등)'],59200
g_g003453,"['새마을/무궁화열차', '지하철', '택시']",53400
g_g003455,['자가용(승용/승합/트럭 등등)'],15000
g_g003459,"['KTX/SRT(고속열차)', '택시']",53000
g_g003463,['자가용(승용/승합/트럭 등등)'],72182
g_g003464,"['새마을/무궁화열차', '지하철']",58500
g_g003467,['자가용(승용/승합/트럭 등등)'],50000
g_g003468,['자가용(승용/승합/트럭 등등)'],94400
g_g003474,['렌터카(승용/승합/버스 등등)'],166280
g_g003480,"['KTX/SRT(고속열차)', '버스 + 지하철', '새마을/무궁화열차']",56650
g_g003485,['새마을/무궁화열차'],7350
g_g003491,['택시'],50400
g_g003492,['KTX/SRT(고속열차)'],57250
g_g003495,"['지하철', '택시']",16250
g_g003497,['자가용(승용/승합/트럭 등등)'],53200
g_g003499,"['KTX/SRT(고속열차)', '지하철', '택시']",56000
g_g003511,"['버스 + 지하철', '택시']",20800
g_g003512,['자가용(승용/승합/트럭 등등)'],106079
g_g003515,['자가용(승용/승합/트럭 등등)'],40000
g_g003516,['자가용(승용/승합/트럭 등등)'],7200
g_g003525,['자가용(승용/승합/트럭 등등)'],30000
g_g003526,"['기타', '버스 + 지하철', '택시']",52525
g_g003535,['자가용(승용/승합/트럭 등등)'],45000
g_g003541,['자가용(승용/승합/트럭 등등)'],65500
g_g003544,"['새마을/무궁화열차', '시내/마을버스']",26600
g_g003554,['자가용(승용/승합/트럭 등등)'],63800
g_g003555,['KTX/SRT(고속열차)'],82700
g_g003556,['자가용(승용/승합/트럭 등등)'],103000
g_g003559,['자가용(승용/승합/트럭 등등)'],80750
g_g003563,['자가용(승용/승합/트럭 등등)'],35400
g_g003565,"['KTX/SRT(고속열차)', '자가용(승용/승합/트럭 등등)']",19900
g_g003570,['자가용(승용/승합/트럭 등등)'],62800
g_g003572,['자가용(승용/승합/트럭 등등)'],40000
g_g003573,['렌터카(승용/승합/버스 등등)'],131710
g_g003576,['자가용(승용/승합/트럭 등등)'],62500
g_g003577,['KTX/SRT(고속열차)'],108800
g_g003583,['택시'],60400
g_g003586,['자가용(승용/승합/트럭 등등)'],4000
g_g003589,"['자가용(승용/승합/트럭 등등)', '택시']",49379
g_g003599,['자가용(승용/승합/트럭 등등)'],55400
g_g003600,['자가용(승용/승합/트럭 등등)'],63900
g_g003608,['자가용(승용/승합/트럭 등등)'],54746
g_g003610,"['KTX/SRT(고속열차)', '버스 + 지하철', '택시']",112400
g_g003613,"['KTX/SRT(고속열차)', '시내/마을버스', '자가용(승용/승합/트럭 등등)', '택시']",59800
g_g003615,['택시'],178720
g_g003623,"['KTX/SRT(고속열차)', '지하철']",40000
g_g003624,['자가용(승용/승합/트럭 등등)'],62000
g_g003629,['자가용(승용/승합/트럭 등등)'],73000
g_g003636,['자가용(승용/승합/트럭 등등)'],7920
g_g003645,['택시'],112000
g_g003648,['자가용(승용/승합/트럭 등등)'],14800
g_g003652,['택시'],91300
g_g003655,"['KTX/SRT(고속열차)', '버스 + 지하철', '택시']",271700
g_g003658,['자가용(승용/승합/트럭 등등)'],30000
g_g003661,['버스 + 지하철'],46726
g_g003664,['자가용(승용/승합/트럭 등등)'],40600
g_g003665,['자가용(승용/승합/트럭 등등)'],140000
g_g003681,['자가용(승용/승합/트럭 등등)'],30000
g_g003687,['자가용(승용/승합/트럭 등등)'],80400
g_g003688,"['기타', '버스 + 지하철']",50200
g_g003700,['자가용(승용/승합/트럭 등등)'],56400
g_g003701,['자가용(승용/승합/트럭 등등)'],10200
g_g003712,['새마을/무궁화열차'],241300
g_g003714,['자가용(승용/승합/트럭 등등)'],800
g_g003717,['자가용(승용/승합/트럭 등등)'],40000
g_g003718,['자가용(승용/승합/트럭 등등)'],34400
g_g003722,['KTX/SRT(고속열차)'],76100
g_g003728,['자가용(승용/승합/트럭 등등)'],750
g_g003729,"['KTX/SRT(고속열차)', '관광버스', '자가용(승용/승합/트럭 등등)', '택시']",335400
g_g003733,['자가용(승용/승합/트럭 등등)'],103500
g_g003736,['자가용(승용/승합/트럭 등등)'],1650
g_g003738,['자가용(승용/승합/트럭 등등)'],75000
g_g003746,['자가용(승용/승합/트럭 등등)'],30000
g_g003770,['자가용(승용/승합/트럭 등등)'],62300
g_g003771,['시외/고속버스'],15500
g_g003779,['자가용(승용/승합/트럭 등등)'],9000
g_g003807,['자가용(승용/승합/트럭 등등)'],34338
g_g003810,['자가용(승용/승합/트럭 등등)'],20600
g_g003821,['자가용(승용/승합/트럭 등등)'],58972
g_g003824,"['시외/고속버스', '택시']",40100
g_g003839,"['새마을/무궁화열차', '지하철']",26460
g_g003845,['자가용(승용/승합/트럭 등등)'],41000
g_g003846,['자가용(승용/승합/트럭 등등)'],64500
g_g003847,['자가용(승용/승합/트럭 등등)'],94000
g_g003852,['KTX/SRT(고속열차)'],40800
g_g003860,['자가용(승용/승합/트럭 등등)'],70600
g_g003867,['자가용(승용/승합/트럭 등등)'],64000
g_g003869,"['관광버스', '새마을/무궁화열차', '시내/마을버스']",100400
g_g003871,['자가용(승용/승합/트럭 등등)'],36600
g_g003874,['시외/고속버스'],40050
g_g003875,['자가용(승용/승합/트럭 등등)'],58500
g_g003899,['KTX/SRT(고속열차)'],67600
g_g003902,"['KTX/SRT(고속열차)', '버스 + 지하철', '택시']",90700
g_g003906,['자가용(승용/승합/트럭 등등)'],83500
g_g003917,"['새마을/무궁화열차', '지하철']",22900
g_g003921,['자가용(승용/승합/트럭 등등)'],80000
g_g003929,['자가용(승용/승합/트럭 등등)'],56400
g_g003940,['시내/마을버스'],4700
g_g003944,['자가용(승용/승합/트럭 등등)'],77500
g_g003950,['자가용(승용/승합/트럭 등등)'],59000
g_g003957,['KTX/SRT(고속열차)'],40300
g_g003959,['지하철'],7900
g_g003960,['자가용(승용/승합/트럭 등등)'],106200
g_g003961,['택시'],47650
g_g003962,"['시외/고속버스', '자가용(승용/승합/트럭 등등)']",8800
g_g003965,"['KTX/SRT(고속열차)', '자가용(승용/승합/트럭 등등)', '지하철']",153000
g_g003980,['자가용(승용/승합/트럭 등등)'],58000
g_g003984,['버스 + 지하철'],25000
g_g003986,"['KTX/SRT(고속열차)', '택시']",75050
g_g003990,"['버스 + 지하철', '택시']",31900
g_g004004,['자가용(승용/승합/트럭 등등)'],135900
g_g004025,['자가용(승용/승합/트럭 등등)'],94800
g_g004036,['시외/고속버스'],19500
g_g004047,['자가용(승용/승합/트럭 등등)'],4000
g_g004064,['자가용(승용/승합/트럭 등등)'],17400
g_g004065,"['KTX/SRT(고속열차)', '버스 + 지하철']",23900
g_g004066,['자가용(승용/승합/트럭 등등)'],25000
g_g004101,['자가용(승용/승합/트럭 등등)'],70861
g_g004103,['자가용(승용/승합/트럭 등등)'],5800
g_g004104,"['KTX/SRT(고속열차)', '새마을/무궁화열차', '택시']",108600
g_g004109,['자가용(승용/승합/트럭 등등)'],80000
g_g004124,['자가용(승용/승합/트럭 등등)'],60800
g_g004138,['자가용(승용/승합/트럭 등등)'],95100
g_g004139,['자가용(승용/승합/트럭 등등)'],61000
g_g004152,['자가용(승용/승합/트럭 등등)'],65200
g_g004154,['자가용(승용/승합/트럭 등등)'],21000
g_g004155,['자가용(승용/승합/트럭 등등)'],85000
g_g004170,['자가용(승용/승합/트럭 등등)'],45827
g_g004174,"['새마을/무궁화열차', '시외/고속버스']",26500
g_g004180,"['버스 + 지하철', '택시']",153100
g_g004189,['자가용(승용/승합/트럭 등등)'],52083
g_g004205,['자가용(승용/승합/트럭 등등)'],37900
g_g004229,['자가용(승용/승합/트럭 등등)'],20000
g_g004231,"['버스 + 지하철', '자가용(승용/승합/트럭 등등)', '택시']",44700
g_g004234,['KTX/SRT(고속열차)'],26200
g_g004239,"['KTX/SRT(고속열차)', '지하철']",35500
g_g004255,['자가용(승용/승합/트럭 등등)'],62000
g_g004259,['자가용(승용/승합/트럭 등등)'],10000
g_g004265,['지하철'],2500
g_g004276,['자가용(승용/승합/트럭 등등)'],70000
g_g004279,['택시'],113800
g_g004282,['자가용(승용/승합/트럭 등등)'],34600
g_g004288,['자가용(승용/승합/트럭 등등)'],2200
g_g004289,['자가용(승용/승합/트럭 등등)'],83000
g_g004294,['자가용(승용/승합/트럭 등등)'],62900
g_g004297,"['KTX/SRT(고속열차)', '버스 + 지하철']",83100
g_g004309,['자가용(승용/승합/트럭 등등)'],120900
g_g004310,"['버스 + 지하철', '택시']",58250
g_g004317,"['KTX/SRT(고속열차)', '택시']",183000
g_g004318,['자가용(승용/승합/트럭 등등)'],74400
g_g004324,"['자가용(승용/승합/트럭 등등)', '지하철']",48945
g_g004327,['자가용(승용/승합/트럭 등등)'],30000
g_g004329,['자가용(승용/승합/트럭 등등)'],34100
g_g004340,['자가용(승용/승합/트럭 등등)'],66200
g_g004350,['자가용(승용/승합/트럭 등등)'],58000
g_g004354,['자가용(승용/승합/트럭 등등)'],110700
g_g004355,['자가용(승용/승합/트럭 등등)'],150000
g_g004359,"['시내/마을버스', '택시']",9350
g_g004366,['택시'],65000
g_g004375,['자가용(승용/승합/트럭 등등)'],30000
g_g004380,['자가용(승용/승합/트럭 등등)'],50000
g_g004383,"['KTX/SRT(고속열차)', '새마을/무궁화열차', '시외/고속버스', '택시']",109500
g_g004392,['자가용(승용/승합/트럭 등등)'],128500
g_g004393,['자가용(승용/승합/트럭 등등)'],200
g_g004397,['택시'],78000
g_g004398,['자가용(승용/승합/트럭 등등)'],50000
g_g004401,['택시'],34900
g_g004406,['시내/마을버스'],32000
g_g004416,['자가용(승용/승합/트럭 등등)'],68000
g_g004420,"['지하철', '택시']",12500
g_g004435,['자가용(승용/승합/트럭 등등)'],27600
g_g004436,"['렌터카(승용/승합/버스 등등)', '시외/고속버스']",36259
g_g004438,['새마을/무궁화열차'],14650
g_g004446,['자가용(승용/승합/트럭 등등)'],55000
g_g004453,['KTX/SRT(고속열차)'],46900
g_g004454,['자가용(승용/승합/트럭 등등)'],35000
g_g004467,['KTX/SRT(고속열차)'],26250
g_g004472,['자가용(승용/승합/트럭 등등)'],8200
g_g004476,['자가용(승용/승합/트럭 등등)'],39000
g_g004485,['자가용(승용/승합/트럭 등등)'],32600
g_g004489,['자가용(승용/승합/트럭 등등)'],33600
g_g004492,"['KTX/SRT(고속열차)', '시내/마을버스', '택시']",102600
g_g004494,['자가용(승용/승합/트럭 등등)'],63800
g_g004498,['새마을/무궁화열차'],92700
g_g004510,['자가용(승용/승합/트럭 등등)'],30000
g_g004511,['자가용(승용/승합/트럭 등등)'],10800
g_g004516,['자가용(승용/승합/트럭 등등)'],38000
g_g004519,['자가용(승용/승합/트럭 등등)'],54000
g_g004521,['자가용(승용/승합/트럭 등등)'],102600
g_g004524,"['버스 + 지하철', '자가용(승용/승합/트럭 등등)']",47000
g_g004538,['자가용(승용/승합/트럭 등등)'],103500
g_g004551,['자가용(승용/승합/트럭 등등)'],20000
g_g004552,['자가용(승용/승합/트럭 등등)'],9000
g_g004556,"['시외/고속버스', '택시']",33500
g_g004573,['자가용(승용/승합/트럭 등등)'],83000
g_g004578,['자가용(승용/승합/트럭 등등)'],23000
g_g004594,['자가용(승용/승합/트럭 등등)'],65900
g_g004606,['자가용(승용/승합/트럭 등등)'],32000
g_g004621,['자가용(승용/승합/트럭 등등)'],60000
g_g004626,['자가용(승용/승합/트럭 등등)'],5000
g_g004629,['택시'],62600
g_g004630,['자가용(승용/승합/트럭 등등)'],62200
g_g004631,"['KTX/SRT(고속열차)', '자가용(승용/승합/트럭 등등)', '지하철', '택시']",87400
g_g004636,['자가용(승용/승합/트럭 등등)'],73900
g_g004637,['렌터카(승용/승합/버스 등등)'],80444
g_g004656,['자가용(승용/승합/트럭 등등)'],100700
g_g004669,['자가용(승용/승합/트럭 등등)'],50000
g_g004671,"['버스 + 지하철', '새마을/무궁화열차']",43400
g_g004678,"['새마을/무궁화열차', '지하철', '택시']",47700
g_g004688,['택시'],76850
g_g004701,['자가용(승용/승합/트럭 등등)'],70000
g_g004707,['자가용(승용/승합/트럭 등등)'],36400
g_g004714,['자가용(승용/승합/트럭 등등)'],70000
g_g004719,"['새마을/무궁화열차', '택시']",50600
g_g004722,['자가용(승용/승합/트럭 등등)'],17700
g_g004723,['버스 + 지하철'],54920
g_g004731,['자가용(승용/승합/트럭 등등)'],2000
g_g004740,['자가용(승용/승합/트럭 등등)'],60711
g_g004754,['자가용(승용/승합/트럭 등등)'],20000
g_g004762,['새마을/무궁화열차'],25100
g_g004766,['자가용(승용/승합/트럭 등등)'],110000
g_g004772,['렌터카(승용/승합/버스 등등)'],62317
g_g004776,"['KTX/SRT(고속열차)', '지하철', '택시']",67700
g_g004781,['자가용(승용/승합/트럭 등등)'],74800
g_g004810,['자가용(승용/승합/트럭 등등)'],98000
g_g004816,['자가용(승용/승합/트럭 등등)'],33000
g_g004826,['자가용(승용/승합/트럭 등등)'],89750
g_g004828,['자가용(승용/승합/트럭 등등)'],62000
g_g004831,['자가용(승용/승합/트럭 등등)'],16000
g_g004839,['자가용(승용/승합/트럭 등등)'],3500
g_g004849,['자가용(승용/승합/트럭 등등)'],62600
g_g004852,['자가용(승용/승합/트럭 등등)'],50354
g_g004853,['자가용(승용/승합/트럭 등등)'],46100
g_g004865,"['시외/고속버스', '택시']",52300
g_g004869,['자가용(승용/승합/트럭 등등)'],60800
g_g004877,['자가용(승용/승합/트럭 등등)'],60000
g_g004879,['자가용(승용/승합/트럭 등등)'],12000
g_g004886,['자가용(승용/승합/트럭 등등)'],41600
g_g004893,['자가용(승용/승합/트럭 등등)'],123000
g_g004904,['자가용(승용/승합/트럭 등등)'],100840
g_g004905,['자가용(승용/승합/트럭 등등)'],64600
g_g004906,['자가용(승용/승합/트럭 등등)'],57200
g_g004909,"['KTX/SRT(고속열차)', '자가용(승용/승합/트럭 등등)']",156150
g_g004915,"['자가용(승용/승합/트럭 등등)', '택시']",99750
g_g004916,['자가용(승용/승합/트럭 등등)'],90300
g_g004920,['자가용(승용/승합/트럭 등등)'],30500
g_g004925,['KTX/SRT(고속열차)'],55900
g_g004926,['자가용(승용/승합/트럭 등등)'],61000
g_g004955,"['버스 + 지하철', '택시']",83200
g_g004961,['자가용(승용/승합/트럭 등등)'],123000
g_g004971,['자가용(승용/승합/트럭 등등)'],53400
g_g004975,['자가용(승용/승합/트럭 등등)'],104000
g_g004976,['자가용(승용/승합/트럭 등등)'],51500
g_g004977,['자가용(승용/승합/트럭 등등)'],66700
g_g004994,['자가용(승용/승합/트럭 등등)'],101200
g_g005012,['자가용(승용/승합/트럭 등등)'],10000
g_g005053,"['자가용(승용/승합/트럭 등등)', '택시']",159600
g_g005056,"['버스 + 지하철', '택시']",118200
g_g005060,['새마을/무궁화열차'],25600
g_g005076,['자가용(승용/승합/트럭 등등)'],111800
g_g005080,['렌터카(승용/승합/버스 등등)'],231150
g_g005081,"['KTX/SRT(고속열차)', '택시']",41100
g_g005083,['자가용(승용/승합/트럭 등등)'],30000
g_g005094,['자가용(승용/승합/트럭 등등)'],203000
g_g005105,['자가용(승용/승합/트럭 등등)'],133000
g_g005114,"['시외/고속버스', '택시']",66700
g_g005119,['자가용(승용/승합/트럭 등등)'],151725
g_g005127,['자가용(승용/승합/트럭 등등)'],36851
g_g005153,['자가용(승용/승합/트럭 등등)'],170500
g_g005160,"['버스 + 지하철', '택시']",151960
g_g005164,['시외/고속버스'],65400
g_g005165,['자가용(승용/승합/트럭 등등)'],102000
g_g005167,['자가용(승용/승합/트럭 등등)'],138400
g_g005170,['자가용(승용/승합/트럭 등등)'],104000
g_g005171,"['버스 + 지하철', '택시']",32000
g_g005173,['자가용(승용/승합/트럭 등등)'],68000
g_g005175,['자가용(승용/승합/트럭 등등)'],70000
g_g005187,['자가용(승용/승합/트럭 등등)'],111735
g_g005198,['자가용(승용/승합/트럭 등등)'],174000
g_g005200,['택시'],91270
g_g005206,"['KTX/SRT(고속열차)', '지하철', '택시']",172900
g_g005209,['자가용(승용/승합/트럭 등등)'],64080
g_g005218,['자가용(승용/승합/트럭 등등)'],65370
g_g005219,['자가용(승용/승합/트럭 등등)'],48300
g_g005225,['자가용(승용/승합/트럭 등등)'],86200
g_g005243,['자가용(승용/승합/트럭 등등)'],176600
g_g005250,['자가용(승용/승합/트럭 등등)'],115200
g_g005254,['자가용(승용/승합/트럭 등등)'],7000
g_g005259,['택시'],77200
g_g005266,['시외/고속버스'],386780
g_g005270,['자가용(승용/승합/트럭 등등)'],141000
g_g005271,['자가용(승용/승합/트럭 등등)'],55000
g_g005273,['자가용(승용/승합/트럭 등등)'],85000
g_g005280,['KTX/SRT(고속열차)'],262330
g_g005282,['자가용(승용/승합/트럭 등등)'],95900
g_g005297,"['새마을/무궁화열차', '지하철', '택시']",24800
g_g005299,['자가용(승용/승합/트럭 등등)'],90000
g_g005300,['자가용(승용/승합/트럭 등등)'],78000
g_g005302,['자가용(승용/승합/트럭 등등)'],65000
g_g005303,['자가용(승용/승합/트럭 등등)'],134000
g_g005310,"['렌터카(승용/승합/버스 등등)', '택시']",234980
g_g005319,['자가용(승용/승합/트럭 등등)'],66700
g_g005330,"['KTX/SRT(고속열차)', '지하철', '택시']",206300
g_g005358,"['KTX/SRT(고속열차)', '지하철', '택시']",69700
g_g005372,"['KTX/SRT(고속열차)', '렌터카(승용/승합/버스 등등)']",183748
g_g005377,['자가용(승용/승합/트럭 등등)'],31800
g_g005387,['자가용(승용/승합/트럭 등등)'],20000
g_g005391,['KTX/SRT(고속열차)'],306395
g_g005392,['자가용(승용/승합/트럭 등등)'],249000
g_g005395,['자가용(승용/승합/트럭 등등)'],67000
g_g005398,"['KTX/SRT(고속열차)', '시내/마을버스', '택시']",82300
g_g005400,['자가용(승용/승합/트럭 등등)'],78800
g_g005402,['자가용(승용/승합/트럭 등등)'],104500
g_g005415,['자가용(승용/승합/트럭 등등)'],73634
g_g005419,"['새마을/무궁화열차', '지하철']",38700
g_g005438,"['KTX/SRT(고속열차)', '지하철', '택시']",249700
g_g005447,['자가용(승용/승합/트럭 등등)'],59828
g_g005454,['새마을/무궁화열차'],21900
g_g005455,"['새마을/무궁화열차', '시내/마을버스', '택시']",46050
g_g005461,['버스 + 지하철'],28800
g_g005465,"['KTX/SRT(고속열차)', '시내/마을버스']",62600
g_g005537,['자가용(승용/승합/트럭 등등)'],30000
g_g005541,['자가용(승용/승합/트럭 등등)'],4800
g_g005542,['자가용(승용/승합/트럭 등등)'],10000
g_g005544,['시내/마을버스'],5000
g_g005548,"['시외/고속버스', '자가용(승용/승합/트럭 등등)']",56500
g_g005549,['자가용(승용/승합/트럭 등등)'],50000
g_g005552,['자가용(승용/승합/트럭 등등)'],40000
g_g005554,['자가용(승용/승합/트럭 등등)'],10000
g_g005559,['자가용(승용/승합/트럭 등등)'],1700
g_g005564,['자가용(승용/승합/트럭 등등)'],20000
g_g005565,['자가용(승용/승합/트럭 등등)'],17200
g_g005567,['자가용(승용/승합/트럭 등등)'],46200
g_g005568,['새마을/무궁화열차'],26000
g_g005569,['자가용(승용/승합/트럭 등등)'],55000
g_g005572,['자가용(승용/승합/트럭 등등)'],50000
g_g005573,['자가용(승용/승합/트럭 등등)'],25900
g_g005574,['자가용(승용/승합/트럭 등등)'],58000
g_g005576,['버스 + 지하철'],41200
g_g005578,['시외/고속버스'],15700
g_g005579,['자가용(승용/승합/트럭 등등)'],40000
g_g005581,['자가용(승용/승합/트럭 등등)'],8300
g_g005583,['자가용(승용/승합/트럭 등등)'],14000
g_g005589,['자가용(승용/승합/트럭 등등)'],55400
g_g005590,['자가용(승용/승합/트럭 등등)'],10000
g_g005591,['자가용(승용/승합/트럭 등등)'],10000
g_g005593,['시외/고속버스'],5000
g_g005594,['시내/마을버스'],6700
g_g005599,['자가용(승용/승합/트럭 등등)'],50000
g_g005601,['자가용(승용/승합/트럭 등등)'],60400
g_g005602,['자가용(승용/승합/트럭 등등)'],50000
g_g005681,['자가용(승용/승합/트럭 등등)'],71000
g_g005684,['자가용(승용/승합/트럭 등등)'],49100
g_g005692,['자가용(승용/승합/트럭 등등)'],42600
g_g005694,['새마을/무궁화열차'],56800
g_g005701,['자가용(승용/승합/트럭 등등)'],71000
g_g005704,"['렌터카(승용/승합/버스 등등)', '시외/고속버스', '택시']",148000
g_g005707,['자가용(승용/승합/트럭 등등)'],78600
g_g005708,['자가용(승용/승합/트럭 등등)'],10000
g_g005709,['택시'],159940
g_g005711,['새마을/무궁화열차'],28700
g_g005716,['시외/고속버스'],21550
g_g005725,"['KTX/SRT(고속열차)', '지하철', '택시']",54100
g_g005742,['렌터카(승용/승합/버스 등등)'],174710
g_g005745,['자가용(승용/승합/트럭 등등)'],68000
g_g005746,['자가용(승용/승합/트럭 등등)'],192700
g_g005750,['자가용(승용/승합/트럭 등등)'],54571
g_g005754,['자가용(승용/승합/트럭 등등)'],59550
g_g005762,['KTX/SRT(고속열차)'],33600
g_g005783,['자가용(승용/승합/트럭 등등)'],17779
g_g005786,['자가용(승용/승합/트럭 등등)'],84900
g_g005791,['택시'],39700
g_g005793,"['새마을/무궁화열차', '시내/마을버스', '택시']",103200
g_g005794,['자가용(승용/승합/트럭 등등)'],8000
g_g005795,['자가용(승용/승합/트럭 등등)'],30000
g_g005806,['자가용(승용/승합/트럭 등등)'],38600
g_g005807,['택시'],68800
g_g005808,"['버스 + 지하철', '택시']",125000
g_g005809,"['시외/고속버스', '택시']",82200
g_g005811,['택시'],240200
g_g005812,['KTX/SRT(고속열차)'],59650
g_g005814,"['KTX/SRT(고속열차)', '관광버스', '버스 + 지하철']",161600
g_g005815,['렌터카(승용/승합/버스 등등)'],142080
g_g005817,"['자가용(승용/승합/트럭 등등)', '택시']",92680
g_g005828,['자가용(승용/승합/트럭 등등)'],119500
g_g005838,"['새마을/무궁화열차', '자가용(승용/승합/트럭 등등)']",122800
g_g005840,"['KTX/SRT(고속열차)', '택시']",88370
g_g005841,['자가용(승용/승합/트럭 등등)'],33000
g_g005843,['택시'],89900
g_g005844,['자가용(승용/승합/트럭 등등)'],55000
g_g005855,['자가용(승용/승합/트럭 등등)'],63400
g_g005868,['렌터카(승용/승합/버스 등등)'],173100
g_g005889,['자가용(승용/승합/트럭 등등)'],130000
g_g005895,['자가용(승용/승합/트럭 등등)'],53000
g_g005899,['택시'],176600
g_g005905,['택시'],100350
g_g005913,['자가용(승용/승합/트럭 등등)'],52000
g_g005920,['자가용(승용/승합/트럭 등등)'],138500
g_g005921,"['KTX/SRT(고속열차)', '지하철', '택시']",202200
g_g005925,['택시'],266100
g_g005932,"['시외/고속버스', '택시']",46000
g_g005952,['KTX/SRT(고속열차)'],116300
g_g005954,['자가용(승용/승합/트럭 등등)'],50000
g_g005959,['자가용(승용/승합/트럭 등등)'],151100
g_g005960,['자가용(승용/승합/트럭 등등)'],9200
g_g005965,['자가용(승용/승합/트럭 등등)'],91300
g_g005967,['KTX/SRT(고속열차)'],117100
g_g005972,['자가용(승용/승합/트럭 등등)'],63000
g_g005974,"['시외/고속버스', '자가용(승용/승합/트럭 등등)']",58600
g_g005975,['자가용(승용/승합/트럭 등등)'],89700
g_g005978,"['버스 + 지하철', '택시']",69600
g_g005982,"['자가용(승용/승합/트럭 등등)', '택시']",95000
g_g005990,['자가용(승용/승합/트럭 등등)'],131700
g_g005992,"['렌터카(승용/승합/버스 등등)', '버스 + 지하철']",94530
g_g006003,['자가용(승용/승합/트럭 등등)'],81000
g_g006020,['자가용(승용/승합/트럭 등등)'],79000
g_g006023,['자전거'],92000
g_g006027,['자가용(승용/승합/트럭 등등)'],31200
g_g006029,['자가용(승용/승합/트럭 등등)'],70000
g_g006055,['택시'],152270
g_g006057,['자가용(승용/승합/트럭 등등)'],112000
g_g006061,['자가용(승용/승합/트럭 등등)'],55400
g_g006065,['자가용(승용/승합/트럭 등등)'],57000
g_g006076,['KTX/SRT(고속열차)'],116100
g_g006084,['자가용(승용/승합/트럭 등등)'],72888
g_g006092,['자가용(승용/승합/트럭 등등)'],30700
g_g006096,['자가용(승용/승합/트럭 등등)'],44000
g_g006100,['자가용(승용/승합/트럭 등등)'],174000
g_g006101,"['버스 + 지하철', '자가용(승용/승합/트럭 등등)', '택시']",186600
g_g006102,['자가용(승용/승합/트럭 등등)'],17700
g_g006114,['자가용(승용/승합/트럭 등등)'],60000
g_g006130,['자가용(승용/승합/트럭 등등)'],78100
g_g006132,['새마을/무궁화열차'],81700
g_g006135,['자가용(승용/승합/트럭 등등)'],61799
g_g006137,['자가용(승용/승합/트럭 등등)'],50000
g_g006142,['택시'],219150
g_g006151,['자가용(승용/승합/트럭 등등)'],52000
g_g006152,['자가용(승용/승합/트럭 등등)'],81000
g_g006161,"['KTX/SRT(고속열차)', '버스 + 지하철', '택시']",317000
g_g006163,['자가용(승용/승합/트럭 등등)'],30000
g_g006168,"['렌터카(승용/승합/버스 등등)', '항공기']",431114
g_g006175,['자가용(승용/승합/트럭 등등)'],44750
g_g006179,['자가용(승용/승합/트럭 등등)'],80000
g_g006180,['택시'],94300
g_g006181,['렌터카(승용/승합/버스 등등)'],154396
g_g006189,['자가용(승용/승합/트럭 등등)'],27300
g_g006190,['자가용(승용/승합/트럭 등등)'],79000
g_g006196,['자가용(승용/승합/트럭 등등)'],66228
g_g006197,['자가용(승용/승합/트럭 등등)'],62200
g_g006201,"['버스 + 지하철', '자가용(승용/승합/트럭 등등)']",58900
g_g006210,['KTX/SRT(고속열차)'],135600
g_g006212,['자가용(승용/승합/트럭 등등)'],159840
g_g006213,['자가용(승용/승합/트럭 등등)'],261000
g_g006214,['자가용(승용/승합/트럭 등등)'],46600
g_g006223,"['시외/고속버스', '택시']",53800
g_g006227,['자가용(승용/승합/트럭 등등)'],112000
g_g006231,"['KTX/SRT(고속열차)', '버스 + 지하철']",94200
g_g006249,['자가용(승용/승합/트럭 등등)'],41000
g_g006256,"['자가용(승용/승합/트럭 등등)', '지하철']",53700
g_g006260,['자가용(승용/승합/트럭 등등)'],76000
g_g006265,"['새마을/무궁화열차', '시외/고속버스', '택시']",81300
g_g006280,['자가용(승용/승합/트럭 등등)'],59000
g_g006287,"['KTX/SRT(고속열차)', '지하철', '택시']",284400
g_g006322,['버스 + 지하철'],60900
g_g006323,['자가용(승용/승합/트럭 등등)'],48500
g_g006325,['자가용(승용/승합/트럭 등등)'],97100
g_g006330,['자가용(승용/승합/트럭 등등)'],103000
g_g006331,['자가용(승용/승합/트럭 등등)'],68000
g_g006359,"['버스 + 지하철', '택시']",183000
g_g006363,['자가용(승용/승합/트럭 등등)'],50000
g_g006367,['자가용(승용/승합/트럭 등등)'],159065
g_g006372,['버스 + 지하철'],94100
g_g006376,"['새마을/무궁화열차', '시내/마을버스']",150800
g_g006378,['자가용(승용/승합/트럭 등등)'],50000
g_g006393,['자가용(승용/승합/트럭 등등)'],20000
g_g006402,['자가용(승용/승합/트럭 등등)'],41220
g_g006414,['자가용(승용/승합/트럭 등등)'],123900
g_g006442,['KTX/SRT(고속열차)'],73300
g_g006447,['자가용(승용/승합/트럭 등등)'],68000
g_g006459,['자가용(승용/승합/트럭 등등)'],70000
g_g006460,['택시'],162450
g_g006461,"['새마을/무궁화열차', '택시']",74400
g_g006462,['자가용(승용/승합/트럭 등등)'],128632
g_g006465,['자가용(승용/승합/트럭 등등)'],60800
g_g006469,"['새마을/무궁화열차', '택시']",91800
g_g006470,"['버스 + 지하철', '새마을/무궁화열차', '택시']",35900
g_g006473,['KTX/SRT(고속열차)'],94400
g_g006475,"['시외/고속버스', '택시']",51500
g_g006477,['버스 + 지하철'],29500
g_g006482,['자가용(승용/승합/트럭 등등)'],40400
g_g006489,['KTX/SRT(고속열차)'],114900
g_g006492,['KTX/SRT(고속열차)'],106600
g_g006496,"['KTX/SRT(고속열차)', '시내/마을버스', '자가용(승용/승합/트럭 등등)']",107355
g_g006497,['자가용(승용/승합/트럭 등등)'],70000
g_g006510,"['KTX/SRT(고속열차)', '시외/고속버스', '택시']",57200
g_g006516,"['KTX/SRT(고속열차)', '시내/마을버스', '택시']",61200
g_g006517,['자가용(승용/승합/트럭 등등)'],128700
g_g006523,['자가용(승용/승합/트럭 등등)'],80400
g_g006524,"['KTX/SRT(고속열차)', '지하철', '택시']",352500
g_g006529,['KTX/SRT(고속열차)'],75650
g_g006548,['자가용(승용/승합/트럭 등등)'],62900
g_g006578,['택시'],130400
g_g006588,['택시'],189900
g_g006606,['자가용(승용/승합/트럭 등등)'],62800
g_g006629,['택시'],36550
g_g006651,"['KTX/SRT(고속열차)', '버스 + 지하철', '새마을/무궁화열차', '택시']",84000
g_g006666,['택시'],35900
g_g006668,['자가용(승용/승합/트럭 등등)'],122500
g_g006677,['자가용(승용/승합/트럭 등등)'],65000
g_g006698,['KTX/SRT(고속열차)'],77400
g_g006715,['자가용(승용/승합/트럭 등등)'],104240
g_g006718,['새마을/무궁화열차'],24850
g_g006725,['자가용(승용/승합/트럭 등등)'],53226
g_g006730,['KTX/SRT(고속열차)'],261600
g_g006739,"['새마을/무궁화열차', '시내/마을버스']",19950
g_g006741,['자가용(승용/승합/트럭 등등)'],117100
g_g006764,"['KTX/SRT(고속열차)', '새마을/무궁화열차', '지하철']",42800
g_g006768,['자가용(승용/승합/트럭 등등)'],810000
g_g006777,['자가용(승용/승합/트럭 등등)'],71000
g_g006785,['새마을/무궁화열차'],102500
g_g006787,['자가용(승용/승합/트럭 등등)'],200800
g_g006800,['택시'],241450
g_g006803,['자가용(승용/승합/트럭 등등)'],65400
g_g006805,['자가용(승용/승합/트럭 등등)'],130300
g_g006807,"['새마을/무궁화열차', '택시']",89100
g_g006812,['자가용(승용/승합/트럭 등등)'],3500
g_g006818,['KTX/SRT(고속열차)'],94800
g_g006822,"['기타', '렌터카(승용/승합/버스 등등)', '버스 + 지하철', '새마을/무궁화열차', '시외/고속버스', '택시']",79800
g_g006828,['자가용(승용/승합/트럭 등등)'],180000
g_g006831,['자가용(승용/승합/트럭 등등)'],53500
g_g006834,['택시'],146700
g_g006835,['자가용(승용/승합/트럭 등등)'],123000
g_g006836,['KTX/SRT(고속열차)'],164900
g_g006842,['자가용(승용/승합/트럭 등등)'],82000
g_g006843,['KTX/SRT(고속열차)'],188080
g_g006844,"['관광버스', '자가용(승용/승합/트럭 등등)']",51796
g_g006859,['자가용(승용/승합/트럭 등등)'],69600
g_g006860,['렌터카(승용/승합/버스 등등)'],157550
g_g006861,['자가용(승용/승합/트럭 등등)'],89800
g_g006877,['자가용(승용/승합/트럭 등등)'],60600
g_g006893,['새마을/무궁화열차'],60150
g_g006910,['자가용(승용/승합/트럭 등등)'],46100
g_g006913,['자가용(승용/승합/트럭 등등)'],61800
g_g006921,['자가용(승용/승합/트럭 등등)'],99000
g_g006925,"['KTX/SRT(고속열차)', '택시']",28000
g_g006945,['택시'],76850
g_g006946,['버스 + 지하철'],75500
g_g006947,['자가용(승용/승합/트럭 등등)'],123800
g_g006954,['자가용(승용/승합/트럭 등등)'],1800
g_g006961,['자가용(승용/승합/트럭 등등)'],76700
g_g006962,['자가용(승용/승합/트럭 등등)'],89100
g_g006971,['택시'],40250
g_g006974,['자가용(승용/승합/트럭 등등)'],95000
g_g006975,['자가용(승용/승합/트럭 등등)'],88200
g_g006976,['자가용(승용/승합/트럭 등등)'],74000
g_g006983,['자가용(승용/승합/트럭 등등)'],50900
g_g006986,['택시'],362800
g_g006989,['자가용(승용/승합/트럭 등등)'],48600
g_g006996,"['자가용(승용/승합/트럭 등등)', '지하철']",66000
g_g006999,['자가용(승용/승합/트럭 등등)'],40000
g_g007007,"['관광버스', '지하철']",36400
g_g007008,['택시'],108900
g_g007012,"['새마을/무궁화열차', '시외/고속버스', '택시']",48600
g_g007013,['자가용(승용/승합/트럭 등등)'],62400
g_g007015,['택시'],283590
g_g007017,['KTX/SRT(고속열차)'],176450
g_g007022,"['KTX/SRT(고속열차)', '시내/마을버스', '택시']",78950
g_g007029,"['KTX/SRT(고속열차)', '시내/마을버스', '자가용(승용/승합/트럭 등등)']",113400
g_g007033,['자가용(승용/승합/트럭 등등)'],40400
g_g007035,['자전거'],63040
g_g007037,['자가용(승용/승합/트럭 등등)'],57000
g_g007038,['자가용(승용/승합/트럭 등등)'],107450
g_g007041,['자가용(승용/승합/트럭 등등)'],56500
g_g007052,"['시외/고속버스', '택시']",57300
g_g007054,['자가용(승용/승합/트럭 등등)'],121000
g_g007056,"['KTX/SRT(고속열차)', '새마을/무궁화열차', '시내/마을버스', '택시']",264750
g_g007058,['KTX/SRT(고속열차)'],77500
g_g007074,['자가용(승용/승합/트럭 등등)'],309300
g_g007086,['자가용(승용/승합/트럭 등등)'],68000
g_g007099,"['KTX/SRT(고속열차)', '택시']",113500
g_g007104,['택시'],93200
g_g007105,['자가용(승용/승합/트럭 등등)'],148457
g_g007120,['자가용(승용/승합/트럭 등등)'],62600
g_g007122,['자가용(승용/승합/트럭 등등)'],73500
g_g007123,['자가용(승용/승합/트럭 등등)'],80000
g_g007152,"['KTX/SRT(고속열차)', '새마을/무궁화열차', '지하철', '택시']",59200
g_g007157,['자가용(승용/승합/트럭 등등)'],50000
g_g007163,"['시외/고속버스', '택시']",44500
g_g007175,"['KTX/SRT(고속열차)', '새마을/무궁화열차', '시내/마을버스', '택시']",131400
g_g007176,"['시외/고속버스', '택시']",46100
g_g007180,['자가용(승용/승합/트럭 등등)'],22800
g_g007196,['택시'],59600
g_g007199,['자가용(승용/승합/트럭 등등)'],120650
g_g007208,['자가용(승용/승합/트럭 등등)'],125125
g_g007209,['자가용(승용/승합/트럭 등등)'],80000
g_g007213,['자가용(승용/승합/트럭 등등)'],8400
g_g007215,['자가용(승용/승합/트럭 등등)'],50000
g_g007218,['자가용(승용/승합/트럭 등등)'],53800
g_g007223,['자가용(승용/승합/트럭 등등)'],86400
g_g007224,"['버스 + 지하철', '택시']",154700
g_g007225,"['KTX/SRT(고속열차)', '시내/마을버스']",85050
g_g007226,['KTX/SRT(고속열차)'],35300
g_g007227,"['KTX/SRT(고속열차)', '버스 + 지하철']",28400
g_g007228,['자가용(승용/승합/트럭 등등)'],95200
g_g007230,"['KTX/SRT(고속열차)', '시내/마을버스']",101300
g_g007231,['자가용(승용/승합/트럭 등등)'],68000
g_g007232,['자가용(승용/승합/트럭 등등)'],49600
g_g007236,['자가용(승용/승합/트럭 등등)'],68500
g_g007248,['자가용(승용/승합/트럭 등등)'],44200
g_g007258,['자가용(승용/승합/트럭 등등)'],212700
g_g007308,['자가용(승용/승합/트럭 등등)'],63000
g_g007309,['자가용(승용/승합/트럭 등등)'],50200
g_g007310,['자가용(승용/승합/트럭 등등)'],83500
g_g007312,['자가용(승용/승합/트럭 등등)'],83000
g_g007330,['자가용(승용/승합/트럭 등등)'],50000
g_g007336,['자가용(승용/승합/트럭 등등)'],59000
g_g007338,['자가용(승용/승합/트럭 등등)'],40000
g_g007340,['자가용(승용/승합/트럭 등등)'],68800
g_g007346,"['KTX/SRT(고속열차)', '지하철', '택시']",55100
g_g007347,['자가용(승용/승합/트럭 등등)'],10000
g_g007348,['버스 + 지하철'],9600
g_g007351,['자가용(승용/승합/트럭 등등)'],17000
g_g007352,['자가용(승용/승합/트럭 등등)'],50000
g_g007355,['자가용(승용/승합/트럭 등등)'],60000
g_g007360,['자가용(승용/승합/트럭 등등)'],30000
g_g007363,['자가용(승용/승합/트럭 등등)'],34600
g_g007364,['자가용(승용/승합/트럭 등등)'],100000
g_g007366,"['KTX/SRT(고속열차)', '택시']",80600
g_g007368,['자가용(승용/승합/트럭 등등)'],60000
g_g007369,['자가용(승용/승합/트럭 등등)'],10000
g_g007371,"['버스 + 지하철', '새마을/무궁화열차']",52250
g_g007373,['자가용(승용/승합/트럭 등등)'],30500
g_g007374,['자가용(승용/승합/트럭 등등)'],5200
g_g007378,['자가용(승용/승합/트럭 등등)'],4000
g_g007380,['자가용(승용/승합/트럭 등등)'],30000
g_g007381,['자가용(승용/승합/트럭 등등)'],28184
g_g007383,['자가용(승용/승합/트럭 등등)'],54100
g_g007386,['자가용(승용/승합/트럭 등등)'],25000
g_g007389,['자가용(승용/승합/트럭 등등)'],50000
g_g007393,['자가용(승용/승합/트럭 등등)'],10000
g_g007395,['지하철'],1700
g_g007401,['자가용(승용/승합/트럭 등등)'],30000
g_g007404,['자가용(승용/승합/트럭 등등)'],46000
g_g007405,['자가용(승용/승합/트럭 등등)'],35000
g_g007407,['자가용(승용/승합/트럭 등등)'],67000
g_g007410,['자가용(승용/승합/트럭 등등)'],25000
g_g007411,['자가용(승용/승합/트럭 등등)'],30000
g_g007413,['자가용(승용/승합/트럭 등등)'],40000
g_g007414,"['버스 + 지하철', '새마을/무궁화열차']",35000
g_g007416,['자가용(승용/승합/트럭 등등)'],25000
g_g007417,['택시'],113200
g_g007420,['자가용(승용/승합/트럭 등등)'],70000
g_g007432,['자가용(승용/승합/트럭 등등)'],34600
g_g007433,"['버스 + 지하철', '택시']",19400
g_g007434,['자가용(승용/승합/트럭 등등)'],106700
g_g007435,"['버스 + 지하철', '새마을/무궁화열차', '택시']",122300
g_g007454,"['KTX/SRT(고속열차)', '시내/마을버스', '택시']",129150
g_g007476,"['KTX/SRT(고속열차)', '렌터카(승용/승합/버스 등등)', '택시']",226700
g_g007513,['자가용(승용/승합/트럭 등등)'],85000
g_g007514,['자가용(승용/승합/트럭 등등)'],25000
g_g007515,['자가용(승용/승합/트럭 등등)'],100972
g_g007523,['새마을/무궁화열차'],27050
g_g007524,['자가용(승용/승합/트럭 등등)'],15000
g_g007528,['자가용(승용/승합/트럭 등등)'],6400
g_g007535,['자가용(승용/승합/트럭 등등)'],58200
g_g007536,['자가용(승용/승합/트럭 등등)'],50000
g_g007537,['자가용(승용/승합/트럭 등등)'],55800
g_g007538,"['KTX/SRT(고속열차)', '버스 + 지하철', '택시']",96600
g_g007539,['자가용(승용/승합/트럭 등등)'],5100
g_g007540,['자가용(승용/승합/트럭 등등)'],59000
g_g007546,['자가용(승용/승합/트럭 등등)'],33600
g_g007565,['새마을/무궁화열차'],21500
g_g007576,['자가용(승용/승합/트럭 등등)'],10400
g_g007596,"['KTX/SRT(고속열차)', '택시']",45700
g_g007614,"['KTX/SRT(고속열차)', '새마을/무궁화열차', '택시']",57900
g_g007622,['택시'],59500
g_g007628,['자가용(승용/승합/트럭 등등)'],28900
g_g007644,['자가용(승용/승합/트럭 등등)'],75400
g_g007671,['자가용(승용/승합/트럭 등등)'],40000
g_g007675,['자가용(승용/승합/트럭 등등)'],23500
g_g007681,['자가용(승용/승합/트럭 등등)'],37000
g_g007684,['자가용(승용/승합/트럭 등등)'],30000
g_g007690,['지하철'],6200
g_g007694,"['버스 + 지하철', '새마을/무궁화열차', '자전거']",33980
g_g007704,['자가용(승용/승합/트럭 등등)'],50000
g_g007718,['자가용(승용/승합/트럭 등등)'],20000
g_g007727,['택시'],50800
g_g007729,"['버스 + 지하철', '새마을/무궁화열차', '택시']",94600
g_g007748,['자가용(승용/승합/트럭 등등)'],2400
g_g007757,['KTX/SRT(고속열차)'],82600
g_g007762,['자가용(승용/승합/트럭 등등)'],31150
g_g007774,['자가용(승용/승합/트럭 등등)'],20000
g_g007776,['자가용(승용/승합/트럭 등등)'],4000
g_g007779,['자가용(승용/승합/트럭 등등)'],50800
g_g007780,"['시내/마을버스', '택시']",17640
g_g007785,"['시외/고속버스', '택시']",29000
g_g007786,['버스 + 지하철'],21300
g_g007787,['자가용(승용/승합/트럭 등등)'],38600
g_g007789,['자가용(승용/승합/트럭 등등)'],3600
g_g007792,['자가용(승용/승합/트럭 등등)'],50000
g_g007793,['자가용(승용/승합/트럭 등등)'],80000
g_g007807,['자가용(승용/승합/트럭 등등)'],43800
g_g007810,"['KTX/SRT(고속열차)', '새마을/무궁화열차', '지하철']",58750
g_g007884,['렌터카(승용/승합/버스 등등)'],142280
g_g007895,['자가용(승용/승합/트럭 등등)'],30000
g_g007932,['택시'],18300
g_g007936,['자가용(승용/승합/트럭 등등)'],28600
g_g007947,['렌터카(승용/승합/버스 등등)'],75910
g_g007984,"['배/선박', '자가용(승용/승합/트럭 등등)']",70000
g_g007992,['KTX/SRT(고속열차)'],33850
g_g007993,"['KTX/SRT(고속열차)', '렌터카(승용/승합/버스 등등)']",70230
g_g008035,['버스 + 지하철'],34600
g_g008048,['자가용(승용/승합/트럭 등등)'],45000
g_g008051,"['KTX/SRT(고속열차)', '지하철']",38300
g_g008055,"['관광버스', '시외/고속버스']",95600
g_g008062,['자가용(승용/승합/트럭 등등)'],74000
g_g008090,"['새마을/무궁화열차', '택시']",47400
g_g008098,"['KTX/SRT(고속열차)', '지하철', '택시']",100550
g_g008104,['자가용(승용/승합/트럭 등등)'],50000
g_g008106,['렌터카(승용/승합/버스 등등)'],356700
g_g008141,['자가용(승용/승합/트럭 등등)'],48000
g_g008176,"['새마을/무궁화열차', '지하철', '택시']",50550
g_g008219,['자가용(승용/승합/트럭 등등)'],12700
g_g008224,"['KTX/SRT(고속열차)', '버스 + 지하철', '택시']",103300
g_g008283,['렌터카(승용/승합/버스 등등)'],49930
g_g008304,"['KTX/SRT(고속열차)', '지하철', '택시']",150400
g_g008330,"['새마을/무궁화열차', '지하철', '택시']",41900
g_g008332,['자가용(승용/승합/트럭 등등)'],22600
g_g008338,"['KTX/SRT(고속열차)', '새마을/무궁화열차', '시내/마을버스', '자가용(승용/승합/트럭 등등)', '택시']",78350
g_g008368,['KTX/SRT(고속열차)'],69100
g_g008382,['자가용(승용/승합/트럭 등등)'],50400
g_g008383,['버스 + 지하철'],91300
g_g008402,['자가용(승용/승합/트럭 등등)'],15000
g_g008405,"['시내/마을버스', '자전거']",31500
g_g008421,"['KTX/SRT(고속열차)', '버스 + 지하철']",126700
g_g008429,['자가용(승용/승합/트럭 등등)'],46813
g_g008434,"['지하철', '택시']",8300
g_g008435,"['KTX/SRT(고속열차)', '지하철', '택시', '항공기']",238000
g_g008471,['KTX/SRT(고속열차)'],93500
g_g008514,['자가용(승용/승합/트럭 등등)'],50000
g_g008520,['자가용(승용/승합/트럭 등등)'],122120
g_g008528,['자가용(승용/승합/트럭 등등)'],90316
g_g008531,['자가용(승용/승합/트럭 등등)'],50000
g_g008603,['자가용(승용/승합/트럭 등등)'],60000
g_g008626,['렌터카(승용/승합/버스 등등)'],377000
g_g008644,['버스 + 지하철'],9000
g_g008659,['자가용(승용/승합/트럭 등등)'],29565
g_g008681,"['KTX/SRT(고속열차)', '택시']",79300
g_g008701,['자가용(승용/승합/트럭 등등)'],36400
g_g008733,['시외/고속버스'],12000
g_g008737,['버스 + 지하철'],12150
g_g008763,['시외/고속버스'],15600
g_g008781,['시외/고속버스'],19700
g_g008789,"['렌터카(승용/승합/버스 등등)', '지하철', '택시', '항공기']",342400
g_g008812,['자가용(승용/승합/트럭 등등)'],79453
g_g008830,['자가용(승용/승합/트럭 등등)'],125700
g_g008859,"['시외/고속버스', '자가용(승용/승합/트럭 등등)', '택시']",74600
g_g008863,['자가용(승용/승합/트럭 등등)'],3400
g_g008866,"['시외/고속버스', '택시']",40300
g_g008878,"['새마을/무궁화열차', '지하철', '택시']",57000
g_g008895,"['KTX/SRT(고속열차)', '새마을/무궁화열차', '지하철']",62000
g_g008902,['자가용(승용/승합/트럭 등등)'],43000
g_g008906,"['KTX/SRT(고속열차)', '버스 + 지하철']",27400
g_g008925,['자가용(승용/승합/트럭 등등)'],5800
g_g008928,['택시'],294800
g_g008932,"['KTX/SRT(고속열차)', '지하철', '택시']",177400
g_g008968,['자가용(승용/승합/트럭 등등)'],51000
g_g009026,"['KTX/SRT(고속열차)', '시내/마을버스']",89200
g_g009034,['자가용(승용/승합/트럭 등등)'],50700
g_g009114,['자가용(승용/승합/트럭 등등)'],66000
g_g009161,['KTX/SRT(고속열차)'],77300
g_g009194,['자가용(승용/승합/트럭 등등)'],14000
g_g009210,['자가용(승용/승합/트럭 등등)'],51400
g_g009219,['자가용(승용/승합/트럭 등등)'],13000
g_g009232,"['KTX/SRT(고속열차)', '지하철']",24900
g_g009233,"['시외/고속버스', '택시']",90500
g_g009266,"['시외/고속버스', '택시']",17500
g_g009267,['자가용(승용/승합/트럭 등등)'],85000
g_g009273,"['KTX/SRT(고속열차)', '지하철']",35650
g_g009283,['렌터카(승용/승합/버스 등등)'],154700
g_g009291,['택시'],58600
g_g009320,['KTX/SRT(고속열차)'],37120
g_g009325,['자가용(승용/승합/트럭 등등)'],2400
g_g009329,"['시외/고속버스', '택시']",20050
g_g009332,['자가용(승용/승합/트럭 등등)'],60400
g_g009335,"['KTX/SRT(고속열차)', '시내/마을버스', '택시']",161650
g_g009348,['자가용(승용/승합/트럭 등등)'],50000
g_g009355,['자가용(승용/승합/트럭 등등)'],25000
g_g009360,['시내/마을버스'],3400
g_g009362,['자가용(승용/승합/트럭 등등)'],30000
g_g009365,['자가용(승용/승합/트럭 등등)'],3000
g_g009367,['자가용(승용/승합/트럭 등등)'],32600
g_g009368,['자가용(승용/승합/트럭 등등)'],15000
g_g009372,"['새마을/무궁화열차', '지하철']",18700
g_g009401,['자가용(승용/승합/트럭 등등)'],30000
g_g009414,"['지하철', '택시']",16790
g_g009442,['자가용(승용/승합/트럭 등등)'],72700
g_g009465,['자가용(승용/승합/트럭 등등)'],40000
g_g009503,"['KTX/SRT(고속열차)', '지하철', '택시']",88150
g_g009526,['자가용(승용/승합/트럭 등등)'],45800
g_g009533,['자가용(승용/승합/트럭 등등)'],120000
g_g009557,['자가용(승용/승합/트럭 등등)'],39000
g_g009573,['버스 + 지하철'],43800
g_g009577,"['KTX/SRT(고속열차)', '관광버스', '시내/마을버스', '택시']",108500
g_g009630,['자가용(승용/승합/트럭 등등)'],55000
g_g009639,"['KTX/SRT(고속열차)', '버스 + 지하철', '새마을/무궁화열차', '자전거', '택시']",87000
g_g009661,['택시'],112800
g_g009732,['시외/고속버스'],23750
g_g009738,"['KTX/SRT(고속열차)', '택시']",74550
g_g009768,['렌터카(승용/승합/버스 등등)'],101190
g_g009771,['자가용(승용/승합/트럭 등등)'],41000
g_g009783,"['KTX/SRT(고속열차)', '지하철', '택시']",50050
g_g009798,['자가용(승용/승합/트럭 등등)'],64400
g_g009802,"['KTX/SRT(고속열차)', '자가용(승용/승합/트럭 등등)', '지하철']",66950
g_g009815,['렌터카(승용/승합/버스 등등)'],85190
g_g009819,['자가용(승용/승합/트럭 등등)'],55000
g_g009821,['자가용(승용/승합/트럭 등등)'],62000
g_g009858,['택시'],77100
g_g009879,['택시'],52600
g_g009898,['자가용(승용/승합/트럭 등등)'],58000
g_g009913,['자가용(승용/승합/트럭 등등)'],62000
g_g009931,"['새마을/무궁화열차', '지하철']",16700
g_g009962,['시외/고속버스'],6400
g_g009973,"['KTX/SRT(고속열차)', '새마을/무궁화열차', '지하철']",73700
g_g010002,"['KTX/SRT(고속열차)', '시내/마을버스', '택시']",32450
g_g010037,['시외/고속버스'],81800
g_g010043,['렌터카(승용/승합/버스 등등)'],53000
g_g010044,['시외/고속버스'],38000
g_g010107,['자가용(승용/승합/트럭 등등)'],59000
g_g010119,['자가용(승용/승합/트럭 등등)'],50000
g_g010153,['자가용(승용/승합/트럭 등등)'],75500
g_g010164,['자가용(승용/승합/트럭 등등)'],50000
g_g010210,['자가용(승용/승합/트럭 등등)'],49800
g_g010218,['자가용(승용/승합/트럭 등등)'],62600
g_g010222,['자가용(승용/승합/트럭 등등)'],75900
g_g010224,['자가용(승용/승합/트럭 등등)'],3200
g_g010248,['자가용(승용/승합/트럭 등등)'],67423
g_g010256,['자가용(승용/승합/트럭 등등)'],30000
g_g010282,['자가용(승용/승합/트럭 등등)'],75600
g_g010348,"['지하철', '택시']",24500
g_g010357,"['렌터카(승용/승합/버스 등등)', '지하철']",88360
g_g010391,['자가용(승용/승합/트럭 등등)'],88644
g_g010401,"['KTX/SRT(고속열차)', '렌터카(승용/승합/버스 등등)']",119980
g_g010407,"['새마을/무궁화열차', '지하철']",24700
g_g010412,['자가용(승용/승합/트럭 등등)'],6800
g_g010413,['자가용(승용/승합/트럭 등등)'],22400
g_g010415,['관광버스'],7000
g_g010423,['자가용(승용/승합/트럭 등등)'],11600
g_g010430,['자가용(승용/승합/트럭 등등)'],10000
g_g010439,['자가용(승용/승합/트럭 등등)'],36000
g_g010441,['KTX/SRT(고속열차)'],138600
g_g010442,"['KTX/SRT(고속열차)', '지하철']",72200
g_g010444,['시외/고속버스'],22200
g_g010456,['자가용(승용/승합/트럭 등등)'],30000
g_g010458,['자가용(승용/승합/트럭 등등)'],1700
g_g010461,['자가용(승용/승합/트럭 등등)'],25000
g_g010464,"['KTX/SRT(고속열차)', '지하철']",27500
g_g010476,['자가용(승용/승합/트럭 등등)'],39000
g_g010477,"['버스 + 지하철', '새마을/무궁화열차', '택시']",50050
g_g010483,['KTX/SRT(고속열차)'],19400
g_g010508,['새마을/무궁화열차'],10200
g_g010510,['자가용(승용/승합/트럭 등등)'],68500
g_g010515,['시외/고속버스'],14400
g_g010521,['자가용(승용/승합/트럭 등등)'],35000
g_g010526,['자가용(승용/승합/트럭 등등)'],54000
g_g010545,"['시외/고속버스', '택시']",112900
g_g010552,['택시'],15000
g_g010557,['자가용(승용/승합/트럭 등등)'],20000
g_g010569,['자가용(승용/승합/트럭 등등)'],30000
g_g010573,['자가용(승용/승합/트럭 등등)'],20000
g_g010594,['자가용(승용/승합/트럭 등등)'],59134
g_g010599,['시외/고속버스'],33000
g_g010601,['자가용(승용/승합/트럭 등등)'],125000
g_g010617,['렌터카(승용/승합/버스 등등)'],60400
g_g010624,"['KTX/SRT(고속열차)', '지하철', '택시']",43550
g_g010633,"['새마을/무궁화열차', '지하철', '택시']",54300
g_g010635,"['KTX/SRT(고속열차)', '새마을/무궁화열차', '지하철', '택시']",39180
g_g010656,['렌터카(승용/승합/버스 등등)'],72630
g_g010657,"['KTX/SRT(고속열차)', '버스 + 지하철']",117300
g_g010673,['KTX/SRT(고속열차)'],44350
g_g010674,['자가용(승용/승합/트럭 등등)'],3200
g_g010703,"['버스 + 지하철', '택시']",45200
g_g010705,['렌터카(승용/승합/버스 등등)'],77100
g_g010717,['자가용(승용/승합/트럭 등등)'],16200
g_g010735,['자가용(승용/승합/트럭 등등)'],58600
g_g010743,"['버스 + 지하철', '새마을/무궁화열차', '택시']",48150
g_g010747,['택시'],211400
g_g010752,['KTX/SRT(고속열차)'],34500
g_g010757,['자가용(승용/승합/트럭 등등)'],60000
g_g010759,['자가용(승용/승합/트럭 등등)'],33000
g_g010773,['자가용(승용/승합/트럭 등등)'],16700
g_g010776,['자가용(승용/승합/트럭 등등)'],100000
g_g010780,['자가용(승용/승합/트럭 등등)'],13200
g_g010781,['자가용(승용/승합/트럭 등등)'],67200
g_g010785,"['지하철', '택시']",31900
g_g010799,['자가용(승용/승합/트럭 등등)'],20000
g_g010805,['자가용(승용/승합/트럭 등등)'],60800
g_g010807,['자가용(승용/승합/트럭 등등)'],13762
g_g010811,['자가용(승용/승합/트럭 등등)'],22400
g_g010816,['자전거'],19400
g_g010824,['지하철'],3200
g_g010835,['자가용(승용/승합/트럭 등등)'],46200
g_g010836,['택시'],47500
g_g010838,"['KTX/SRT(고속열차)', '버스 + 지하철']",39500
g_g010840,['택시'],52700
g_g010847,['새마을/무궁화열차'],21600
g_g010859,"['새마을/무궁화열차', '시내/마을버스']",20000
g_g010860,['새마을/무궁화열차'],56460
g_g010864,['자가용(승용/승합/트럭 등등)'],500
g_g010870,['자가용(승용/승합/트럭 등등)'],20000
g_g010878,['새마을/무궁화열차'],31400
g_g010908,['자가용(승용/승합/트럭 등등)'],30000
g_g010910,['자가용(승용/승합/트럭 등등)'],76500
g_g010930,['자가용(승용/승합/트럭 등등)'],95500
g_g010931,['자가용(승용/승합/트럭 등등)'],60000
g_g010932,['시내/마을버스'],5100
g_g010939,['자가용(승용/승합/트럭 등등)'],3000
g_g010945,"['KTX/SRT(고속열차)', '버스 + 지하철', '새마을/무궁화열차', '택시']",48050
g_g010950,"['KTX/SRT(고속열차)', '지하철', '택시']",75000
g_g010954,['자가용(승용/승합/트럭 등등)'],49400
g_g010972,['택시'],144400
g_g010976,['새마을/무궁화열차'],52800
g_g010979,['자가용(승용/승합/트럭 등등)'],5800
g_g010982,['시외/고속버스'],13400
g_g011009,['자가용(승용/승합/트럭 등등)'],18000
g_g011018,['자가용(승용/승합/트럭 등등)'],59600
g_g011038,['자가용(승용/승합/트럭 등등)'],30000
g_g011045,['자가용(승용/승합/트럭 등등)'],81300
g_g011053,['택시'],20400
g_g011054,['자가용(승용/승합/트럭 등등)'],1800
g_g011060,['자가용(승용/승합/트럭 등등)'],96600
g_g011076,"['KTX/SRT(고속열차)', '지하철']",25120
g_g011077,['자가용(승용/승합/트럭 등등)'],18000
g_g011078,['택시'],22000
g_g011086,['렌터카(승용/승합/버스 등등)'],106440
g_g011091,['자가용(승용/승합/트럭 등등)'],700
g_g011096,['자가용(승용/승합/트럭 등등)'],10000
g_g011097,['자가용(승용/승합/트럭 등등)'],60000
g_g011098,['시외/고속버스'],40000
g_g011101,['새마을/무궁화열차'],38400
g_g011102,"['시외/고속버스', '택시']",56000
g_g011105,"['렌터카(승용/승합/버스 등등)', '버스 + 지하철']",86700
g_g011106,"['버스 + 지하철', '새마을/무궁화열차']",50800
g_g011120,['KTX/SRT(고속열차)'],43850
g_g011123,['자가용(승용/승합/트럭 등등)'],61800
g_g011127,['자가용(승용/승합/트럭 등등)'],10000
g_g011129,['버스 + 지하철'],39300
g_g011131,"['버스 + 지하철', '택시']",83300
g_g011137,['자가용(승용/승합/트럭 등등)'],72400
g_g011146,['자가용(승용/승합/트럭 등등)'],30000
g_g011148,['자가용(승용/승합/트럭 등등)'],30313
g_g011161,['자가용(승용/승합/트럭 등등)'],44700
g_g011162,"['KTX/SRT(고속열차)', '지하철', '택시']",101200
g_g011163,['택시'],49700
g_g011164,['KTX/SRT(고속열차)'],52400
g_g011166,['새마을/무궁화열차'],38200
g_g011171,['자가용(승용/승합/트럭 등등)'],2300
g_g011173,['택시'],44500
g_g011188,"['자가용(승용/승합/트럭 등등)', '지하철']",11600
g_g011189,['자가용(승용/승합/트럭 등등)'],36400
g_g011192,['자가용(승용/승합/트럭 등등)'],55000
g_g011194,['자가용(승용/승합/트럭 등등)'],30000
g_g011197,['자가용(승용/승합/트럭 등등)'],3000
g_g011200,['자가용(승용/승합/트럭 등등)'],99100
g_g011207,['자가용(승용/승합/트럭 등등)'],45000
g_g011212,['자가용(승용/승합/트럭 등등)'],90000
g_g011228,['자가용(승용/승합/트럭 등등)'],27200
g_g011229,['자가용(승용/승합/트럭 등등)'],20000
g_g011232,"['KTX/SRT(고속열차)', '버스 + 지하철']",45100
g_g011233,['자가용(승용/승합/트럭 등등)'],116800
g_g011239,['자가용(승용/승합/트럭 등등)'],32582
g_g011242,"['KTX/SRT(고속열차)', '지하철', '택시']",32500
g_g011254,['자가용(승용/승합/트럭 등등)'],68700
g_g011255,['자가용(승용/승합/트럭 등등)'],65400
g_g011268,['자가용(승용/승합/트럭 등등)'],20000
g_g011274,['자가용(승용/승합/트럭 등등)'],50000
g_g011276,"['새마을/무궁화열차', '지하철', '택시']",49400
g_g011286,"['KTX/SRT(고속열차)', '택시']",122900
g_g011291,['자가용(승용/승합/트럭 등등)'],6800
g_g011292,['자가용(승용/승합/트럭 등등)'],12400
g_g011295,['자가용(승용/승합/트럭 등등)'],98000
g_g011297,['자가용(승용/승합/트럭 등등)'],56300
g_g011299,['자가용(승용/승합/트럭 등등)'],24200
g_g011300,['자가용(승용/승합/트럭 등등)'],59800
g_g011305,['새마을/무궁화열차'],8100
g_g011318,['자가용(승용/승합/트럭 등등)'],10000
g_g011323,"['지하철', '택시']",15800
g_g011344,['자가용(승용/승합/트럭 등등)'],41880
g_g011365,"['KTX/SRT(고속열차)', '관광버스', '버스 + 지하철']",168000
g_g011370,['자가용(승용/승합/트럭 등등)'],38700
g_g011374,['자가용(승용/승합/트럭 등등)'],10000
g_g011376,['자가용(승용/승합/트럭 등등)'],50000
g_g011393,['새마을/무궁화열차'],11100
g_g011396,['자가용(승용/승합/트럭 등등)'],91800
g_g011398,"['새마을/무궁화열차', '시내/마을버스', '택시']",40760
g_g011399,['시외/고속버스'],30650
g_g011408,"['KTX/SRT(고속열차)', '지하철', '택시']",73100
g_g011409,['KTX/SRT(고속열차)'],40500
g_g011411,['자가용(승용/승합/트럭 등등)'],3400
g_g011412,['KTX/SRT(고속열차)'],68648
g_g011422,['택시'],78700
g_g011430,['자가용(승용/승합/트럭 등등)'],53541
g_g011432,['자가용(승용/승합/트럭 등등)'],14600
g_g011435,"['버스 + 지하철', '자가용(승용/승합/트럭 등등)']",67660
g_g011441,['자가용(승용/승합/트럭 등등)'],50000
g_g011444,['자가용(승용/승합/트럭 등등)'],75000
g_g011448,['자가용(승용/승합/트럭 등등)'],71000
g_g011449,"['KTX/SRT(고속열차)', '새마을/무궁화열차', '지하철']",31100
g_g011450,['자가용(승용/승합/트럭 등등)'],126000
g_g011454,['자가용(승용/승합/트럭 등등)'],45400
g_g011459,['자가용(승용/승합/트럭 등등)'],52600
g_g011461,['자가용(승용/승합/트럭 등등)'],30000
g_g011464,['지하철'],5100
g_g011472,['자가용(승용/승합/트럭 등등)'],50000
g_g011473,['자가용(승용/승합/트럭 등등)'],48900
g_g011476,['자가용(승용/승합/트럭 등등)'],110400
g_g011477,"['버스 + 지하철', '택시']",13250
g_g011478,['자가용(승용/승합/트럭 등등)'],64650
g_g011479,['자가용(승용/승합/트럭 등등)'],10000
g_g011481,['자가용(승용/승합/트럭 등등)'],59400
g_g011482,['자가용(승용/승합/트럭 등등)'],76600
g_g011486,['자가용(승용/승합/트럭 등등)'],99000
g_g011487,['자가용(승용/승합/트럭 등등)'],23400
g_g011489,['자가용(승용/승합/트럭 등등)'],10000
g_g011491,['렌터카(승용/승합/버스 등등)'],116500
g_g011496,['자가용(승용/승합/트럭 등등)'],35000
g_g011500,['시외/고속버스'],31100
g_g011502,['자가용(승용/승합/트럭 등등)'],49000
g_g011508,['자가용(승용/승합/트럭 등등)'],7000
g_g011509,"['버스 + 지하철', '자전거']",32000
g_g011510,"['버스 + 지하철', '새마을/무궁화열차']",23100
g_g011511,['자가용(승용/승합/트럭 등등)'],1700
g_g011515,['자가용(승용/승합/트럭 등등)'],35500
g_g011519,['자가용(승용/승합/트럭 등등)'],50300
g_g011522,"['렌터카(승용/승합/버스 등등)', '지하철']",33500
g_g011524,['택시'],100500
g_g011526,['자가용(승용/승합/트럭 등등)'],22200
g_g011528,"['새마을/무궁화열차', '자가용(승용/승합/트럭 등등)']",58100
g_g011530,['자가용(승용/승합/트럭 등등)'],98200
g_g011533,['자가용(승용/승합/트럭 등등)'],50000
g_g011534,['버스 + 지하철'],17300
g_g011537,['자가용(승용/승합/트럭 등등)'],20748
g_g011551,['자가용(승용/승합/트럭 등등)'],62000
g_g011555,['자가용(승용/승합/트럭 등등)'],30000
g_g011558,['자가용(승용/승합/트럭 등등)'],5800
g_g011562,['자가용(승용/승합/트럭 등등)'],4800
g_g011566,['자가용(승용/승합/트럭 등등)'],47800
g_g011567,['자가용(승용/승합/트럭 등등)'],48600
g_g011571,['자가용(승용/승합/트럭 등등)'],48500
g_g011577,['자가용(승용/승합/트럭 등등)'],42300
g_g011578,['자가용(승용/승합/트럭 등등)'],26000
g_g011580,"['새마을/무궁화열차', '지하철']",19600
g_g011581,"['새마을/무궁화열차', '지하철']",22850
g_g011582,['버스 + 지하철'],45000
g_g011586,['지하철'],6100
g_g011590,['자가용(승용/승합/트럭 등등)'],72000
g_g011593,['자가용(승용/승합/트럭 등등)'],33800
g_g011597,['자가용(승용/승합/트럭 등등)'],61500
g_g011598,['자가용(승용/승합/트럭 등등)'],31800
g_g011600,['자전거'],20200
g_g011607,['자가용(승용/승합/트럭 등등)'],47000
g_g011612,['자가용(승용/승합/트럭 등등)'],101500
g_g011613,['지하철'],5000
g_g011614,['자가용(승용/승합/트럭 등등)'],14000
g_g011619,['자가용(승용/승합/트럭 등등)'],72900
g_g011620,['자가용(승용/승합/트럭 등등)'],15000
g_g011622,['자가용(승용/승합/트럭 등등)'],11000
g_g011629,['자가용(승용/승합/트럭 등등)'],30000
g_g011630,['자가용(승용/승합/트럭 등등)'],60700
g_g011631,['새마을/무궁화열차'],45500
g_g011636,['버스 + 지하철'],35600
g_g011637,"['KTX/SRT(고속열차)', '택시']",41800
g_g011644,['택시'],13500
g_g011645,['시외/고속버스'],20900
g_g011657,['자가용(승용/승합/트럭 등등)'],30800
g_g011669,['자가용(승용/승합/트럭 등등)'],8400
g_g011673,['자가용(승용/승합/트럭 등등)'],50900
g_g011674,['자가용(승용/승합/트럭 등등)'],57600
g_g011677,['KTX/SRT(고속열차)'],49950
g_g011679,['자가용(승용/승합/트럭 등등)'],30800
g_g011680,['자가용(승용/승합/트럭 등등)'],13500
g_g011683,['자가용(승용/승합/트럭 등등)'],10000
g_g011685,['자가용(승용/승합/트럭 등등)'],25500
g_g011691,['자가용(승용/승합/트럭 등등)'],64300
g_g011692,"['KTX/SRT(고속열차)', '시내/마을버스', '택시']",26500
g_g011697,['자가용(승용/승합/트럭 등등)'],36000
g_g011708,['자가용(승용/승합/트럭 등등)'],1000
g_g011709,['자가용(승용/승합/트럭 등등)'],41000
g_g011714,['자가용(승용/승합/트럭 등등)'],67400
g_g011717,['자가용(승용/승합/트럭 등등)'],80000
g_g011721,"['시외/고속버스', '택시']",55700
g_g011722,['자가용(승용/승합/트럭 등등)'],60000
g_g011724,"['새마을/무궁화열차', '시외/고속버스']",32750
g_g011726,['자가용(승용/승합/트럭 등등)'],46000
g_g011734,['자가용(승용/승합/트럭 등등)'],8800
g_g011746,['자가용(승용/승합/트럭 등등)'],96800
g_g011754,['자가용(승용/승합/트럭 등등)'],369940
g_g011764,['버스 + 지하철'],21300
g_g011786,['자가용(승용/승합/트럭 등등)'],40000
g_g011789,['자가용(승용/승합/트럭 등등)'],65000
g_g011791,['자가용(승용/승합/트럭 등등)'],67000
g_g011813,['자가용(승용/승합/트럭 등등)'],33100
g_g011816,['KTX/SRT(고속열차)'],85300
g_g011818,['버스 + 지하철'],39400
g_g011819,['렌터카(승용/승합/버스 등등)'],125000
g_g011821,['자가용(승용/승합/트럭 등등)'],800
g_g011822,['자가용(승용/승합/트럭 등등)'],13674
g_g011824,['자가용(승용/승합/트럭 등등)'],5000
g_g011825,['자가용(승용/승합/트럭 등등)'],24000
g_g011826,['자가용(승용/승합/트럭 등등)'],57400
g_g011827,"['새마을/무궁화열차', '지하철', '택시']",36000
g_g011829,['자가용(승용/승합/트럭 등등)'],20000
g_g011830,['자가용(승용/승합/트럭 등등)'],12000
g_g011832,['자가용(승용/승합/트럭 등등)'],119000
g_g011833,['자가용(승용/승합/트럭 등등)'],30000
g_g011836,['자가용(승용/승합/트럭 등등)'],26400
g_g011837,['버스 + 지하철'],33050
g_g011838,['자가용(승용/승합/트럭 등등)'],62000
g_g011840,['자가용(승용/승합/트럭 등등)'],38132
g_g011841,"['버스 + 지하철', '새마을/무궁화열차']",160000
g_g011843,['버스 + 지하철'],51500
g_g011847,['자가용(승용/승합/트럭 등등)'],44000
g_g011850,['자가용(승용/승합/트럭 등등)'],57100
g_g011851,"['KTX/SRT(고속열차)', '새마을/무궁화열차', '지하철', '택시']",72490
g_g011854,['렌터카(승용/승합/버스 등등)'],59000
g_g011857,['자가용(승용/승합/트럭 등등)'],50000
g_g011858,['자가용(승용/승합/트럭 등등)'],17300
g_g011860,['자가용(승용/승합/트럭 등등)'],7200
g_g011872,['자가용(승용/승합/트럭 등등)'],13200
g_g011873,['자가용(승용/승합/트럭 등등)'],110400
g_g011876,"['시외/고속버스', '자가용(승용/승합/트럭 등등)']",21250
g_g011881,['자가용(승용/승합/트럭 등등)'],67600
g_g011882,['자가용(승용/승합/트럭 등등)'],37300
g_g011903,['택시'],39300
g_g011905,['새마을/무궁화열차'],49500
g_g011908,"['KTX/SRT(고속열차)', '지하철']",26400
g_g011914,"['KTX/SRT(고속열차)', '버스 + 지하철', '택시']",54900
g_g011918,['자가용(승용/승합/트럭 등등)'],82000
g_g011922,"['KTX/SRT(고속열차)', '지하철']",21450
g_g011924,['자가용(승용/승합/트럭 등등)'],38000
g_g011925,['자가용(승용/승합/트럭 등등)'],30000
g_g011926,"['버스 + 지하철', '시내/마을버스', '택시']",46250
g_g011927,['택시'],73150
g_g011928,['자가용(승용/승합/트럭 등등)'],30000
g_g011929,['자가용(승용/승합/트럭 등등)'],80100
g_g011930,['자가용(승용/승합/트럭 등등)'],42000
g_g011931,['자가용(승용/승합/트럭 등등)'],58800
g_g011934,"['시외/고속버스', '택시']",48400
g_g011940,['자가용(승용/승합/트럭 등등)'],58500
g_g011942,['시외/고속버스'],6960
g_g011944,['시외/고속버스'],40700
g_g011949,['자가용(승용/승합/트럭 등등)'],29100
g_g011950,"['새마을/무궁화열차', '지하철']",17250
g_g011952,"['기타', '시외/고속버스']",33100
g_g011966,['자가용(승용/승합/트럭 등등)'],30000
g_g011970,['자전거'],32000
g_g011972,"['KTX/SRT(고속열차)', '버스 + 지하철']",58100
g_g011983,['자가용(승용/승합/트럭 등등)'],63900
g_g011990,['자가용(승용/승합/트럭 등등)'],53400
g_g011996,['자가용(승용/승합/트럭 등등)'],10000
g_g011999,"['새마을/무궁화열차', '택시']",70350
g_g012152,['자가용(승용/승합/트럭 등등)'],70000
g_g012153,['자가용(승용/승합/트럭 등등)'],17000
g_g012155,['자가용(승용/승합/트럭 등등)'],6700
g_g012159,['KTX/SRT(고속열차)'],42300
g_g012160,['자가용(승용/승합/트럭 등등)'],35000
g_g012162,['자가용(승용/승합/트럭 등등)'],60100
g_g012164,['자가용(승용/승합/트럭 등등)'],11000
g_g012171,['자가용(승용/승합/트럭 등등)'],30000
g_g012173,['자가용(승용/승합/트럭 등등)'],2900
g_g012174,['자가용(승용/승합/트럭 등등)'],90000
g_g012175,"['시외/고속버스', '택시']",21500
g_g012176,['시외/고속버스'],62800
g_g012177,"['KTX/SRT(고속열차)', '시외/고속버스', '택시']",60500
g_g012179,['자가용(승용/승합/트럭 등등)'],20000
g_g012181,['자가용(승용/승합/트럭 등등)'],20000
g_g012182,['자가용(승용/승합/트럭 등등)'],1150
g_g012183,"['KTX/SRT(고속열차)', '지하철']",17050
g_g012185,['새마을/무궁화열차'],33400
g_g012186,['자가용(승용/승합/트럭 등등)'],105000
g_g012188,['자가용(승용/승합/트럭 등등)'],38000
g_g012189,['지하철'],8000
g_g012190,['자가용(승용/승합/트럭 등등)'],40000
g_g012192,['자가용(승용/승합/트럭 등등)'],8000
g_g012194,['자가용(승용/승합/트럭 등등)'],39800
g_g012196,['자가용(승용/승합/트럭 등등)'],22600
g_g012197,['자가용(승용/승합/트럭 등등)'],102400
g_g012199,['자가용(승용/승합/트럭 등등)'],18600
g_g012201,['자가용(승용/승합/트럭 등등)'],61400
g_g012203,['캠핑카(자차 및 렌탈)'],83600
g_g012207,['자가용(승용/승합/트럭 등등)'],71300
g_g012209,['자가용(승용/승합/트럭 등등)'],30000
g_g012212,"['새마을/무궁화열차', '택시']",18100
g_g012220,['자가용(승용/승합/트럭 등등)'],70000
g_g012226,['시외/고속버스'],27200
g_g012227,['자가용(승용/승합/트럭 등등)'],5800
g_g012228,['자가용(승용/승합/트럭 등등)'],157900
g_g012235,['자가용(승용/승합/트럭 등등)'],38000
g_g012236,['자가용(승용/승합/트럭 등등)'],50000
g_g012238,['자가용(승용/승합/트럭 등등)'],20000
g_g012239,"['KTX/SRT(고속열차)', '지하철']",30900
g_g012240,['지하철'],5000
g_g012246,['자가용(승용/승합/트럭 등등)'],58000
g_g012251,['버스 + 지하철'],14950
g_g012254,['자가용(승용/승합/트럭 등등)'],96900
g_g012255,['자가용(승용/승합/트럭 등등)'],30000
g_g012256,['자가용(승용/승합/트럭 등등)'],20000
g_g012257,['렌터카(승용/승합/버스 등등)'],72920
g_g012258,['자가용(승용/승합/트럭 등등)'],16500
g_g012261,"['자전거', '지하철']",6000
g_g012267,['자가용(승용/승합/트럭 등등)'],15000
g_g012269,['자가용(승용/승합/트럭 등등)'],5700
g_g012270,['자가용(승용/승합/트럭 등등)'],18000
g_g012277,['자가용(승용/승합/트럭 등등)'],45500
g_g012280,['자가용(승용/승합/트럭 등등)'],69600
g_g012282,['시외/고속버스'],8000
g_g012283,"['시외/고속버스', '택시']",30000
g_g012289,['자가용(승용/승합/트럭 등등)'],14200
g_g012300,['자가용(승용/승합/트럭 등등)'],20000
g_g012304,['렌터카(승용/승합/버스 등등)'],88813
g_g012307,['새마을/무궁화열차'],3800
g_g012311,['자가용(승용/승합/트럭 등등)'],84200
g_g012314,['자가용(승용/승합/트럭 등등)'],10300
g_g012318,"['렌터카(승용/승합/버스 등등)', '택시']",66433
g_g012323,['자가용(승용/승합/트럭 등등)'],30000
g_g012325,['자가용(승용/승합/트럭 등등)'],50000
g_g012326,"['KTX/SRT(고속열차)', '택시']",117800
g_g012333,['시외/고속버스'],9400
g_g012337,"['새마을/무궁화열차', '지하철', '택시']",85600
g_g012347,['자가용(승용/승합/트럭 등등)'],15000
g_g012348,"['기타', '시외/고속버스', '택시']",51200
g_g012350,['자가용(승용/승합/트럭 등등)'],71000
g_g012351,['자가용(승용/승합/트럭 등등)'],30000
g_g012353,"['버스 + 지하철', '새마을/무궁화열차', '택시']",26000
g_g012371,"['버스 + 지하철', '새마을/무궁화열차']",19700
g_g012377,['자가용(승용/승합/트럭 등등)'],30000
g_g012379,['자가용(승용/승합/트럭 등등)'],12000
g_g012382,['버스 + 지하철'],26150
g_g012386,['시외/고속버스'],23750
g_g012389,['자가용(승용/승합/트럭 등등)'],8000
g_g012392,['자가용(승용/승합/트럭 등등)'],74000
g_g012400,['자가용(승용/승합/트럭 등등)'],55000
g_g012402,['자가용(승용/승합/트럭 등등)'],20000
g_g012406,['자가용(승용/승합/트럭 등등)'],50000
g_g012410,['자가용(승용/승합/트럭 등등)'],5400
g_g012420,"['새마을/무궁화열차', '시외/고속버스', '택시']",28700
g_g012422,['자가용(승용/승합/트럭 등등)'],30000
g_g012430,['자가용(승용/승합/트럭 등등)'],23000
g_g012431,['자가용(승용/승합/트럭 등등)'],5900
g_g012433,"['시외/고속버스', '택시']",56500
g_g012435,['자가용(승용/승합/트럭 등등)'],54400
g_g012436,['자가용(승용/승합/트럭 등등)'],50900
g_g012439,['자가용(승용/승합/트럭 등등)'],64800
g_g012447,['택시'],39400
g_g012455,['자가용(승용/승합/트럭 등등)'],114700
g_g012457,['KTX/SRT(고속열차)'],91000
g_g012458,['버스 + 지하철'],56950
g_g012463,['자가용(승용/승합/트럭 등등)'],74500
g_g012466,['KTX/SRT(고속열차)'],98960
g_g012472,"['새마을/무궁화열차', '시외/고속버스', '택시']",14000
g_g012473,['자가용(승용/승합/트럭 등등)'],12000
g_g012475,"['기타', '시내/마을버스', '자전거']",12000
g_g012478,['자가용(승용/승합/트럭 등등)'],72000
g_g012484,['자가용(승용/승합/트럭 등등)'],91000
g_g012487,['자가용(승용/승합/트럭 등등)'],49350
g_g012494,"['KTX/SRT(고속열차)', '버스 + 지하철', '택시']",94900
g_g012497,['버스 + 지하철'],80750
g_g012498,['자가용(승용/승합/트럭 등등)'],8200
g_g012502,['KTX/SRT(고속열차)'],60200
g_g012504,['KTX/SRT(고속열차)'],40350
g_g012505,['시내/마을버스'],1700
g_g012515,['자가용(승용/승합/트럭 등등)'],30000
g_g012516,"['새마을/무궁화열차', '지하철']",29850
g_g012518,['자가용(승용/승합/트럭 등등)'],120365
g_g012520,['시외/고속버스'],48400
g_g012523,['자가용(승용/승합/트럭 등등)'],8600
g_g012528,['자가용(승용/승합/트럭 등등)'],28300
g_g012530,['자가용(승용/승합/트럭 등등)'],39000
g_g012531,['자가용(승용/승합/트럭 등등)'],41500
g_g012532,['자가용(승용/승합/트럭 등등)'],20000
g_g012541,"['KTX/SRT(고속열차)', '버스 + 지하철', '택시']",116200
g_g012542,['자가용(승용/승합/트럭 등등)'],50400
g_g012546,['자가용(승용/승합/트럭 등등)'],34000
g_g012557,['자가용(승용/승합/트럭 등등)'],86900
g_g012571,['택시'],71400
g_g012572,['자가용(승용/승합/트럭 등등)'],67800
g_g012580,"['KTX/SRT(고속열차)', '버스 + 지하철']",30200
g_g012583,['자가용(승용/승합/트럭 등등)'],49200
g_g012586,['자가용(승용/승합/트럭 등등)'],2400
g_g012596,"['새마을/무궁화열차', '시내/마을버스', '택시']",47500
g_g012604,['버스 + 지하철'],15350
g_g012617,['시외/고속버스'],44400
g_g012620,['택시'],17450
g_g012624,"['새마을/무궁화열차', '지하철', '택시']",20800
g_g012634,"['버스 + 지하철', '자가용(승용/승합/트럭 등등)']",27350
g_g012639,['자가용(승용/승합/트럭 등등)'],15000
g_g012643,['자가용(승용/승합/트럭 등등)'],33000
g_g012650,['자가용(승용/승합/트럭 등등)'],800
g_g012653,['자가용(승용/승합/트럭 등등)'],50000
g_g012656,['자가용(승용/승합/트럭 등등)'],30000
g_g012658,['자가용(승용/승합/트럭 등등)'],58600
g_g012660,['자가용(승용/승합/트럭 등등)'],17000
g_g012662,"['KTX/SRT(고속열차)', '시외/고속버스', '자가용(승용/승합/트럭 등등)', '택시']",28200
g_g012675,['자가용(승용/승합/트럭 등등)'],40000
g_g012676,['자가용(승용/승합/트럭 등등)'],3500
g_g012677,['자가용(승용/승합/트럭 등등)'],60600
g_g012680,['자가용(승용/승합/트럭 등등)'],2900
g_g012682,['자가용(승용/승합/트럭 등등)'],20000
g_g012686,['자가용(승용/승합/트럭 등등)'],60000
g_g012687,['자가용(승용/승합/트럭 등등)'],6800
g_g012688,['자가용(승용/승합/트럭 등등)'],35000
g_g012689,['자가용(승용/승합/트럭 등등)'],9000
g_g012690,['자가용(승용/승합/트럭 등등)'],42200
g_g012696,"['시외/고속버스', '택시']",65500
g_g012697,['자가용(승용/승합/트럭 등등)'],50000
g_g012698,['자가용(승용/승합/트럭 등등)'],66800
g_g012699,['자가용(승용/승합/트럭 등등)'],15000
g_g012702,['자가용(승용/승합/트럭 등등)'],50000
g_g012705,['자가용(승용/승합/트럭 등등)'],62900
g_g012711,['자가용(승용/승합/트럭 등등)'],30000
g_g012713,['자가용(승용/승합/트럭 등등)'],52000
g_g012716,['자가용(승용/승합/트럭 등등)'],30000
g_g012718,['자가용(승용/승합/트럭 등등)'],34527
g_g012721,['지하철'],5000
g_g012723,['자가용(승용/승합/트럭 등등)'],30000
g_g012724,['자가용(승용/승합/트럭 등등)'],10829
g_g012726,['자가용(승용/승합/트럭 등등)'],57000
g_g012727,['자가용(승용/승합/트럭 등등)'],42293
g_g012728,['자가용(승용/승합/트럭 등등)'],25000
g_g012731,"['KTX/SRT(고속열차)', '지하철']",68700
g_g012742,['자가용(승용/승합/트럭 등등)'],81000
g_g012749,"['새마을/무궁화열차', '자가용(승용/승합/트럭 등등)']",32600
g_g012750,['자가용(승용/승합/트럭 등등)'],42000
g_g012751,['자가용(승용/승합/트럭 등등)'],4956
g_g012752,"['버스 + 지하철', '자가용(승용/승합/트럭 등등)']",53700
g_g012753,['자가용(승용/승합/트럭 등등)'],20000
g_g012757,['자가용(승용/승합/트럭 등등)'],35000
g_g012761,['자가용(승용/승합/트럭 등등)'],53720
g_g012767,['자가용(승용/승합/트럭 등등)'],22600
g_g012770,['자가용(승용/승합/트럭 등등)'],10000
g_g012772,['버스 + 지하철'],18750
g_g012774,['자가용(승용/승합/트럭 등등)'],55400
g_g012775,['자가용(승용/승합/트럭 등등)'],20000
g_g012776,['자가용(승용/승합/트럭 등등)'],30000
g_g012780,['시외/고속버스'],17050
g_g012781,['자가용(승용/승합/트럭 등등)'],42400
g_g012783,['시외/고속버스'],30800
g_g012791,['자가용(승용/승합/트럭 등등)'],75800
g_g012796,['자가용(승용/승합/트럭 등등)'],12000
g_g012803,['자가용(승용/승합/트럭 등등)'],10000
g_g012805,['자가용(승용/승합/트럭 등등)'],29610
g_g012807,['자가용(승용/승합/트럭 등등)'],20000
g_g012812,['KTX/SRT(고속열차)'],38800
g_g012814,['자가용(승용/승합/트럭 등등)'],15000
g_g012831,['자가용(승용/승합/트럭 등등)'],30000
g_g012858,['자가용(승용/승합/트럭 등등)'],20000
g_g012864,['자가용(승용/승합/트럭 등등)'],12400
g_g012873,['자가용(승용/승합/트럭 등등)'],22600
g_g012883,['자가용(승용/승합/트럭 등등)'],92000
g_g012884,['자가용(승용/승합/트럭 등등)'],49200
g_g012891,['시외/고속버스'],12900
g_g012902,['시내/마을버스'],2500
g_g012905,['자가용(승용/승합/트럭 등등)'],16600
g_g012917,['자가용(승용/승합/트럭 등등)'],52400
g_g012927,['렌터카(승용/승합/버스 등등)'],63010
g_g012933,['자가용(승용/승합/트럭 등등)'],10000
g_g012936,['KTX/SRT(고속열차)'],39250
g_g012963,['자가용(승용/승합/트럭 등등)'],40000
g_g012989,['시외/고속버스'],37800
g_g012990,['자가용(승용/승합/트럭 등등)'],120000
g_g013010,['시외/고속버스'],37760
g_g013012,['시외/고속버스'],3000
g_g013023,['자가용(승용/승합/트럭 등등)'],20000
g_g013024,['자가용(승용/승합/트럭 등등)'],4800
g_g013037,['자가용(승용/승합/트럭 등등)'],22433
g_g013038,['자가용(승용/승합/트럭 등등)'],33900
g_g013041,['자가용(승용/승합/트럭 등등)'],20500
g_g013042,['버스 + 지하철'],25500
g_g013044,['KTX/SRT(고속열차)'],23300
g_g013045,['자가용(승용/승합/트럭 등등)'],7000
g_g013048,['자가용(승용/승합/트럭 등등)'],50000
g_g013050,['자가용(승용/승합/트럭 등등)'],23000
g_g013059,['자가용(승용/승합/트럭 등등)'],30000
g_g013061,['자가용(승용/승합/트럭 등등)'],20000
g_g013062,['자가용(승용/승합/트럭 등등)'],22000
g_g013063,['시내/마을버스'],1300
g_g013065,"['새마을/무궁화열차', '시내/마을버스', '택시']",52200
g_g013066,['자가용(승용/승합/트럭 등등)'],25000
g_g013074,['자가용(승용/승합/트럭 등등)'],38800
g_g013080,['자가용(승용/승합/트럭 등등)'],18000
g_g013087,['자가용(승용/승합/트럭 등등)'],20000
g_g013088,['시외/고속버스'],10300
g_g013090,['시내/마을버스'],3000
g_g013093,['지하철'],3200
g_g013095,['자가용(승용/승합/트럭 등등)'],29733
g_g013096,['자가용(승용/승합/트럭 등등)'],50000
g_g013097,['자가용(승용/승합/트럭 등등)'],39100
g_g013102,['자가용(승용/승합/트럭 등등)'],10000
g_g013111,['자가용(승용/승합/트럭 등등)'],15000
g_g013113,['새마을/무궁화열차'],13100
g_g013125,['자가용(승용/승합/트럭 등등)'],50000
g_g013127,['자가용(승용/승합/트럭 등등)'],45500
g_g013128,"['KTX/SRT(고속열차)', '새마을/무궁화열차', '시내/마을버스']",35400
g_g013131,['자가용(승용/승합/트럭 등등)'],30000
h_h001459,['자가용(승용/승합/트럭 등등)'],69800
h_h003280,['자가용(승용/승합/트럭 등등)'],36300
