TRAVEL_ID,MAJOR_ACTIVITY_TYPE
e_e000005,['취식']
e_e000043,['단순 구경 / 산책 / 걷기']
e_e000191,['취식']
e_e000316,['취식']
e_e000668,['쇼핑 / 구매']
e_e001033,['취식']
e_e001240,"['단순 구경 / 산책 / 걷기', '취식']"
e_e001423,['취식']
e_e001579,"['기타 활동', '취식']"
e_e002195,['환승/경유']
e_e003226,['취식']
e_e004870,['취식']
e_e004944,['취식']
e_e007408,['단순 구경 / 산책 / 걷기']
e_e011214,['체험 활동 / 입장 및 관람']
e_e013132,"['단순 구경 / 산책 / 걷기', '취식']"
e_e013143,"['단순 구경 / 산책 / 걷기', '체험 활동 / 입장 및 관람']"
e_e013144,['단순 구경 / 산책 / 걷기']
e_e013149,['단순 구경 / 산책 / 걷기']
e_e013179,['체험 활동 / 입장 및 관람']
e_e013184,['취식']
e_e013188,['취식']
e_e013282,"['단순 구경 / 산책 / 걷기', '취식']"
f_f000001,['취식']
f_f000004,"['취식', '휴식']"
f_f000030,['취식']
f_f001718,['체험 활동 / 입장 및 관람']
f_f002508,['취식']
f_f008573,"['단순 구경 / 산책 / 걷기', '취식', '휴식']"
f_f009789,['취식']
f_f015537,"['체험 활동 / 입장 및 관람', '취식']"
f_f015541,"['단순 구경 / 산책 / 걷기', '쇼핑 / 구매', '취식']"
f_f016471,['체험 활동 / 입장 및 관람']
f_f016830,['환승/경유']
g_g000003,"['단순 구경 / 산책 / 걷기', '취식']"
g_g000004,"['취식', '휴식']"
g_g000005,"['단순 구경 / 산책 / 걷기', '체험 활동 / 입장 및 관람', '휴식']"
g_g000009,['취식']
g_g000010,"['취식', '환승/경유']"
g_g000014,['환승/경유']
g_g000016,['취식']
g_g000017,"['취식', '휴식']"
g_g000023,['취식']
g_g000025,"['취식', '휴식']"
g_g000026,['취식']
g_g000191,['취식']
g_g000195,['취식']
g_g000198,['취식']
g_g000204,['취식']
g_g000206,['단순 구경 / 산책 / 걷기']
g_g000208,"['단순 구경 / 산책 / 걷기', '취식']"
g_g000210,['취식']
g_g000215,['취식']
g_g000220,['취식']
g_g000225,['취식']
g_g000226,['취식']
g_g000229,['쇼핑 / 구매']
g_g000230,['취식']
g_g000231,['체험 활동 / 입장 및 관람']
g_g000233,['취식']
g_g000234,['취식']
g_g000235,['취식']
g_g000236,"['취식', '휴식']"
g_g000237,['취식']
g_g000239,['단순 구경 / 산책 / 걷기']
g_g000240,['취식']
g_g000242,['단순 구경 / 산책 / 걷기']
g_g000248,['취식']
g_g000249,['취식']
g_g000250,['쇼핑 / 구매']
g_g000251,['체험 활동 / 입장 및 관람']
g_g000252,"['체험 활동 / 입장 및 관람', '취식']"
g_g000256,"['단순 구경 / 산책 / 걷기', '취식']"
g_g000258,['취식']
g_g000259,['취식']
g_g000260,['체험 활동 / 입장 및 관람']
g_g000262,['취식']
g_g000264,"['쇼핑 / 구매', '휴식']"
g_g000265,['취식']
g_g000269,['취식']
g_g000270,['취식']
g_g000280,"['단순 구경 / 산책 / 걷기', '쇼핑 / 구매', '체험 활동 / 입장 및 관람', '취식']"
g_g000284,['취식']
g_g000285,['취식']
g_g000286,['쇼핑 / 구매']
g_g000287,['취식']
g_g000290,['휴식']
g_g000296,['취식']
g_g000298,['취식']
g_g000299,['취식']
g_g000301,['취식']
g_g000305,['체험 활동 / 입장 및 관람']
g_g000306,['체험 활동 / 입장 및 관람']
g_g000308,['취식']
g_g000309,['체험 활동 / 입장 및 관람']
g_g000311,"['취식', '휴식']"
g_g000312,['휴식']
g_g000313,['취식']
g_g000314,['휴식']
g_g000316,['단순 구경 / 산책 / 걷기']
g_g000318,['단순 구경 / 산책 / 걷기']
g_g000319,['취식']
g_g000320,['취식']
g_g000321,['취식']
g_g000322,['쇼핑 / 구매']
g_g000328,['취식']
g_g000334,['취식']
g_g000336,['취식']
g_g000338,['휴식']
g_g000339,['휴식']
g_g000341,['취식']
g_g000345,['취식']
g_g000346,"['쇼핑 / 구매', '체험 활동 / 입장 및 관람', '취식']"
g_g000348,"['체험 활동 / 입장 및 관람', '취식']"
g_g000351,['취식']
g_g000354,"['단순 구경 / 산책 / 걷기', '쇼핑 / 구매', '취식']"
g_g000357,['취식']
g_g000361,['단순 구경 / 산책 / 걷기']
g_g000365,"['쇼핑 / 구매', '환승/경유']"
g_g000367,"['단순 구경 / 산책 / 걷기', '쇼핑 / 구매']"
g_g000374,['쇼핑 / 구매']
g_g000378,['취식']
g_g000379,['취식']
g_g000380,['취식']
g_g000384,['취식']
g_g000387,"['단순 구경 / 산책 / 걷기', '취식']"
g_g000389,['단순 구경 / 산책 / 걷기']
g_g000391,['취식']
g_g000392,"['취식', '환승/경유']"
g_g000393,['취식']
g_g000394,['취식']
g_g000396,['체험 활동 / 입장 및 관람']
g_g000397,['체험 활동 / 입장 및 관람']
g_g000399,['취식']
g_g000402,"['체험 활동 / 입장 및 관람', '취식']"
g_g000404,['단순 구경 / 산책 / 걷기']
g_g000405,['취식']
g_g000409,"['쇼핑 / 구매', '취식']"
g_g000410,"['체험 활동 / 입장 및 관람', '취식']"
g_g000413,['취식']
g_g000414,['취식']
g_g000418,['휴식']
g_g000419,['단순 구경 / 산책 / 걷기']
g_g000420,['체험 활동 / 입장 및 관람']
g_g000423,"['단순 구경 / 산책 / 걷기', '휴식']"
g_g000425,['취식']
g_g000427,"['체험 활동 / 입장 및 관람', '휴식']"
g_g000429,['취식']
g_g000430,['취식']
g_g000435,['쇼핑 / 구매']
g_g000436,['쇼핑 / 구매']
g_g000437,['취식']
g_g000440,['체험 활동 / 입장 및 관람']
g_g000441,['단순 구경 / 산책 / 걷기']
g_g000442,['휴식']
g_g000443,['취식']
g_g000447,['취식']
g_g000453,['취식']
g_g000454,['취식']
g_g000459,['취식']
g_g000460,['취식']
g_g000461,['취식']
g_g000464,['취식']
g_g000466,['취식']
g_g000469,['취식']
g_g000471,"['체험 활동 / 입장 및 관람', '취식']"
g_g000473,"['취식', '휴식']"
g_g000474,['취식']
g_g000477,['단순 구경 / 산책 / 걷기']
g_g000478,['쇼핑 / 구매']
g_g000480,['단순 구경 / 산책 / 걷기']
g_g000481,['체험 활동 / 입장 및 관람']
g_g000483,['취식']
g_g000486,['체험 활동 / 입장 및 관람']
g_g000487,['취식']
g_g000488,['쇼핑 / 구매']
g_g000490,"['단순 구경 / 산책 / 걷기', '체험 활동 / 입장 및 관람', '휴식']"
g_g000492,['취식']
g_g000494,['휴식']
g_g000498,['취식']
g_g000499,['취식']
g_g000502,"['체험 활동 / 입장 및 관람', '취식']"
g_g000503,['취식']
g_g000506,"['취식', '휴식']"
g_g000507,['취식']
g_g000508,['취식']
g_g000510,"['단순 구경 / 산책 / 걷기', '취식']"
g_g000515,['휴식']
g_g000516,['단순 구경 / 산책 / 걷기']
g_g000518,['취식']
g_g000519,['취식']
g_g000520,['취식']
g_g000522,"['체험 활동 / 입장 및 관람', '취식']"
g_g000532,['단순 구경 / 산책 / 걷기']
g_g000536,['단순 구경 / 산책 / 걷기']
g_g000540,['취식']
g_g000541,['취식']
g_g000544,['취식']
g_g000545,['취식']
g_g000546,['단순 구경 / 산책 / 걷기']
g_g000552,"['취식', '휴식']"
g_g000556,['환승/경유']
g_g000558,['취식']
g_g000560,['취식']
g_g000562,['단순 구경 / 산책 / 걷기']
g_g000569,['취식']
g_g000570,['취식']
g_g000571,"['체험 활동 / 입장 및 관람', '취식']"
g_g000572,['취식']
g_g000577,['단순 구경 / 산책 / 걷기']
g_g000581,['체험 활동 / 입장 및 관람']
g_g000582,['체험 활동 / 입장 및 관람']
g_g000585,['취식']
g_g000590,"['체험 활동 / 입장 및 관람', '취식']"
g_g000592,['취식']
g_g000602,['휴식']
g_g000604,['휴식']
g_g000605,['취식']
g_g000606,['취식']
g_g000607,['휴식']
g_g000610,"['기타 활동', '체험 활동 / 입장 및 관람', '취식', '휴식']"
g_g000611,['취식']
g_g000612,['없음']
g_g000613,['취식']
g_g000614,['취식']
g_g000618,['휴식']
g_g000619,"['체험 활동 / 입장 및 관람', '취식']"
g_g000622,['취식']
g_g000624,['취식']
g_g000628,['단순 구경 / 산책 / 걷기']
g_g000629,['취식']
g_g000636,"['단순 구경 / 산책 / 걷기', '취식']"
g_g000637,['취식']
g_g000638,['기타 활동']
g_g000639,['취식']
g_g000642,['취식']
g_g000643,['취식']
g_g000648,['환승/경유']
g_g000651,['취식']
g_g000653,['환승/경유']
g_g000654,"['체험 활동 / 입장 및 관람', '취식']"
g_g000657,"['단순 구경 / 산책 / 걷기', '체험 활동 / 입장 및 관람']"
g_g000658,"['단순 구경 / 산책 / 걷기', '취식']"
g_g000665,"['취식', '휴식']"
g_g000670,['휴식']
g_g000672,['취식']
g_g000675,"['쇼핑 / 구매', '취식']"
g_g000678,['취식']
g_g000680,"['단순 구경 / 산책 / 걷기', '휴식']"
g_g000681,['취식']
g_g000685,['취식']
g_g000687,"['단순 구경 / 산책 / 걷기', '취식']"
g_g000688,['취식']
g_g000695,['취식']
g_g000696,['취식']
g_g000697,['취식']
g_g000698,['체험 활동 / 입장 및 관람']
g_g000699,['취식']
g_g000701,"['기타 활동', '취식']"
g_g000702,['체험 활동 / 입장 및 관람']
g_g000703,"['취식', '휴식']"
g_g000709,"['단순 구경 / 산책 / 걷기', '없음', '취식', '휴식']"
g_g000710,['취식']
g_g000712,['취식']
g_g000714,"['단순 구경 / 산책 / 걷기', '취식', '휴식']"
g_g000716,['취식']
g_g000717,"['단순 구경 / 산책 / 걷기', '체험 활동 / 입장 및 관람', '휴식']"
g_g000719,['취식']
g_g000722,['체험 활동 / 입장 및 관람']
g_g000726,"['단순 구경 / 산책 / 걷기', '취식']"
g_g000727,"['단순 구경 / 산책 / 걷기', '취식']"
g_g000729,['취식']
g_g000730,['취식']
g_g000732,['취식']
g_g000734,['취식']
g_g000735,"['단순 구경 / 산책 / 걷기', '취식']"
g_g000736,['단순 구경 / 산책 / 걷기']
g_g000742,['취식']
g_g000743,['취식']
g_g000747,['취식']
g_g000751,['취식']
g_g000754,['취식']
g_g000756,['취식']
g_g000758,['환승/경유']
g_g000769,['취식']
g_g000770,['취식']
g_g000773,['취식']
g_g000775,['취식']
g_g000776,['체험 활동 / 입장 및 관람']
g_g000777,"['단순 구경 / 산책 / 걷기', '취식']"
g_g000779,"['단순 구경 / 산책 / 걷기', '취식', '휴식']"
g_g000781,"['단순 구경 / 산책 / 걷기', '체험 활동 / 입장 및 관람']"
g_g000782,['취식']
g_g000784,['취식']
g_g000785,['취식']
g_g000786,['취식']
g_g000788,"['취식', '휴식']"
g_g000789,['취식']
g_g000790,['단순 구경 / 산책 / 걷기']
g_g000792,['취식']
g_g000794,['취식']
g_g000796,['취식']
g_g000804,['취식']
g_g000807,['취식']
g_g000808,['취식']
g_g000809,['취식']
g_g000812,['단순 구경 / 산책 / 걷기']
g_g000815,['취식']
g_g000818,['휴식']
g_g000819,"['쇼핑 / 구매', '취식', '휴식']"
g_g000820,['취식']
g_g000826,['체험 활동 / 입장 및 관람']
g_g000831,['단순 구경 / 산책 / 걷기']
g_g000832,['취식']
g_g000834,['단순 구경 / 산책 / 걷기']
g_g000836,['취식']
g_g000842,['체험 활동 / 입장 및 관람']
g_g000848,"['단순 구경 / 산책 / 걷기', '취식']"
g_g000859,['취식']
g_g000861,['취식']
g_g000862,['취식']
g_g000864,['쇼핑 / 구매']
g_g000866,['취식']
g_g000867,['단순 구경 / 산책 / 걷기']
g_g000869,['취식']
g_g000871,['취식']
g_g000875,['체험 활동 / 입장 및 관람']
g_g000880,"['취식', '휴식']"
g_g000881,['취식']
g_g000883,['휴식']
g_g000892,['취식']
g_g000898,['취식']
g_g000899,['단순 구경 / 산책 / 걷기']
g_g000901,"['단순 구경 / 산책 / 걷기', '체험 활동 / 입장 및 관람', '취식']"
g_g000902,['환승/경유']
g_g000906,['취식']
g_g000907,['취식']
g_g000910,['단순 구경 / 산책 / 걷기']
g_g000913,['취식']
g_g000916,"['쇼핑 / 구매', '취식']"
g_g000917,['단순 구경 / 산책 / 걷기']
g_g000920,"['취식', '휴식']"
g_g000931,['취식']
g_g000935,['취식']
g_g000937,['체험 활동 / 입장 및 관람']
g_g000938,"['쇼핑 / 구매', '체험 활동 / 입장 및 관람', '취식']"
g_g000939,"['단순 구경 / 산책 / 걷기', '취식', '휴식']"
g_g000940,"['단순 구경 / 산책 / 걷기', '취식']"
g_g000943,"['단순 구경 / 산책 / 걷기', '쇼핑 / 구매']"
g_g000944,['취식']
g_g000945,['취식']
g_g000946,['단순 구경 / 산책 / 걷기']
g_g000947,['체험 활동 / 입장 및 관람']
g_g000949,['취식']
g_g000950,['취식']
g_g000952,['체험 활동 / 입장 및 관람']
g_g000954,['취식']
g_g000957,['취식']
g_g000958,['취식']
g_g000959,['취식']
g_g000965,['취식']
g_g000967,"['단순 구경 / 산책 / 걷기', '체험 활동 / 입장 및 관람', '취식']"
g_g000972,['취식']
g_g000974,['취식']
g_g000976,['체험 활동 / 입장 및 관람']
g_g000982,['단순 구경 / 산책 / 걷기']
g_g000983,"['취식', '휴식']"
g_g000985,['쇼핑 / 구매']
g_g000986,"['단순 구경 / 산책 / 걷기', '쇼핑 / 구매', '취식']"
g_g000987,['취식']
g_g000988,['취식']
g_g000989,['취식']
g_g000991,['체험 활동 / 입장 및 관람']
g_g000992,['취식']
g_g000993,['취식']
g_g000996,['취식']
g_g000998,['취식']
g_g001000,['취식']
g_g001002,['취식']
g_g001003,"['쇼핑 / 구매', '취식']"
g_g001004,['취식']
g_g001006,['취식']
g_g001008,"['체험 활동 / 입장 및 관람', '휴식']"
g_g001011,"['쇼핑 / 구매', '취식']"
g_g001014,['취식']
g_g001016,"['취식', '환승/경유']"
g_g001019,"['체험 활동 / 입장 및 관람', '취식']"
g_g001022,"['체험 활동 / 입장 및 관람', '취식']"
g_g001026,['취식']
g_g001028,"['쇼핑 / 구매', '취식']"
g_g001030,['취식']
g_g001033,['취식']
g_g001034,"['기타 활동', '취식']"
g_g001035,['취식']
g_g001036,['취식']
g_g001038,['쇼핑 / 구매']
g_g001039,['취식']
g_g001040,['단순 구경 / 산책 / 걷기']
g_g001041,['취식']
g_g001046,"['단순 구경 / 산책 / 걷기', '취식']"
g_g001047,['취식']
g_g001048,"['단순 구경 / 산책 / 걷기', '취식']"
g_g001050,['체험 활동 / 입장 및 관람']
g_g001051,['취식']
g_g001052,['취식']
g_g001053,"['쇼핑 / 구매', '환승/경유']"
g_g001056,['취식']
g_g001063,['취식']
g_g001068,['단순 구경 / 산책 / 걷기']
g_g001070,['취식']
g_g001076,['취식']
g_g001077,['취식']
g_g001081,['체험 활동 / 입장 및 관람']
g_g001083,['취식']
g_g001086,['단순 구경 / 산책 / 걷기']
g_g001095,['취식']
g_g001100,['취식']
g_g001101,['취식']
g_g001103,"['단순 구경 / 산책 / 걷기', '취식', '환승/경유']"
g_g001104,['휴식']
g_g001106,['취식']
g_g001107,['취식']
g_g001109,['취식']
g_g001111,['취식']
g_g001112,['취식']
g_g001113,['취식']
g_g001114,['취식']
g_g001118,['취식']
g_g001124,['취식']
g_g001129,['취식']
g_g001132,['취식']
g_g001133,['취식']
g_g001135,['단순 구경 / 산책 / 걷기']
g_g001136,['단순 구경 / 산책 / 걷기']
g_g001138,"['단순 구경 / 산책 / 걷기', '휴식']"
g_g001144,['취식']
g_g001147,['단순 구경 / 산책 / 걷기']
g_g001148,['취식']
g_g001151,['취식']
g_g001154,['취식']
g_g001156,"['취식', '휴식']"
g_g001164,['휴식']
g_g001166,"['단순 구경 / 산책 / 걷기', '휴식']"
g_g001169,['단순 구경 / 산책 / 걷기']
g_g001171,"['단순 구경 / 산책 / 걷기', '체험 활동 / 입장 및 관람', '취식']"
g_g001173,['단순 구경 / 산책 / 걷기']
g_g001178,"['쇼핑 / 구매', '체험 활동 / 입장 및 관람', '휴식']"
g_g001187,['취식']
g_g001189,['체험 활동 / 입장 및 관람']
g_g001191,['단순 구경 / 산책 / 걷기']
g_g001194,['취식']
g_g001196,['단순 구경 / 산책 / 걷기']
g_g001197,['취식']
g_g001199,['취식']
g_g001200,['취식']
g_g001203,['취식']
g_g001204,['취식']
g_g001206,['취식']
g_g001208,['취식']
g_g001209,['단순 구경 / 산책 / 걷기']
g_g001219,['취식']
g_g001221,['취식']
g_g001222,['취식']
g_g001223,['취식']
g_g001224,['취식']
g_g001225,['취식']
g_g001227,"['단순 구경 / 산책 / 걷기', '쇼핑 / 구매', '체험 활동 / 입장 및 관람']"
g_g001230,['취식']
g_g001231,['쇼핑 / 구매']
g_g001233,['취식']
g_g001235,['취식']
g_g001237,['취식']
g_g001243,"['단순 구경 / 산책 / 걷기', '체험 활동 / 입장 및 관람', '취식']"
g_g001250,['취식']
g_g001256,['취식']
g_g001257,"['취식', '휴식']"
g_g001258,['취식']
g_g001261,"['단순 구경 / 산책 / 걷기', '취식']"
g_g001272,['단순 구경 / 산책 / 걷기']
g_g001273,['체험 활동 / 입장 및 관람']
g_g001276,['단순 구경 / 산책 / 걷기']
g_g001280,"['쇼핑 / 구매', '취식']"
g_g001288,"['기타 활동', '단순 구경 / 산책 / 걷기', '체험 활동 / 입장 및 관람', '취식', '환승/경유', '휴식']"
g_g001289,['단순 구경 / 산책 / 걷기']
g_g001290,"['단순 구경 / 산책 / 걷기', '취식']"
g_g001291,['체험 활동 / 입장 및 관람']
g_g001293,['취식']
g_g001296,['취식']
g_g001297,"['쇼핑 / 구매', '휴식']"
g_g001299,"['취식', '휴식']"
g_g001300,['취식']
g_g001301,['취식']
g_g001305,"['쇼핑 / 구매', '취식']"
g_g001309,['취식']
g_g001313,['취식']
g_g001315,['취식']
g_g001319,['취식']
g_g001320,"['단순 구경 / 산책 / 걷기', '취식']"
g_g001322,"['단순 구경 / 산책 / 걷기', '취식', '휴식']"
g_g001323,"['기타 활동', '체험 활동 / 입장 및 관람', '취식']"
g_g001329,['취식']
g_g001337,['환승/경유']
g_g001338,['취식']
g_g001343,['취식']
g_g001344,['취식']
g_g001346,['체험 활동 / 입장 및 관람']
g_g001350,['체험 활동 / 입장 및 관람']
g_g001352,['취식']
g_g001353,['환승/경유']
g_g001356,['취식']
g_g001362,['취식']
g_g001364,['취식']
g_g001371,['쇼핑 / 구매']
g_g001374,['취식']
g_g001381,"['단순 구경 / 산책 / 걷기', '쇼핑 / 구매', '휴식']"
g_g001383,['취식']
g_g001386,"['체험 활동 / 입장 및 관람', '취식']"
g_g001388,"['단순 구경 / 산책 / 걷기', '체험 활동 / 입장 및 관람', '취식', '휴식']"
g_g001390,['휴식']
g_g001556,['쇼핑 / 구매']
g_g001563,"['단순 구경 / 산책 / 걷기', '취식']"
g_g001564,['체험 활동 / 입장 및 관람']
g_g001565,['환승/경유']
g_g001566,"['단순 구경 / 산책 / 걷기', '체험 활동 / 입장 및 관람', '취식']"
g_g001567,"['체험 활동 / 입장 및 관람', '취식']"
g_g001575,['취식']
g_g001576,['단순 구경 / 산책 / 걷기']
g_g001580,"['쇼핑 / 구매', '체험 활동 / 입장 및 관람']"
g_g001584,['취식']
g_g001587,['취식']
g_g001590,['단순 구경 / 산책 / 걷기']
g_g001598,['휴식']
g_g001599,['단순 구경 / 산책 / 걷기']
g_g001603,['취식']
g_g001606,"['체험 활동 / 입장 및 관람', '취식']"
g_g001611,['취식']
g_g001612,['휴식']
g_g001614,"['취식', '휴식']"
g_g001615,"['단순 구경 / 산책 / 걷기', '체험 활동 / 입장 및 관람', '취식']"
g_g001619,['취식']
g_g001620,"['취식', '휴식']"
g_g001621,['단순 구경 / 산책 / 걷기']
g_g001623,"['단순 구경 / 산책 / 걷기', '취식', '휴식']"
g_g001625,"['쇼핑 / 구매', '취식']"
g_g001627,['취식']
g_g001630,"['단순 구경 / 산책 / 걷기', '취식']"
g_g001640,['취식']
g_g001644,"['단순 구경 / 산책 / 걷기', '취식', '휴식']"
g_g001645,['휴식']
g_g001646,['취식']
g_g001648,"['단순 구경 / 산책 / 걷기', '체험 활동 / 입장 및 관람', '취식']"
g_g001650,"['체험 활동 / 입장 및 관람', '취식']"
g_g001651,"['단순 구경 / 산책 / 걷기', '취식']"
g_g001652,"['단순 구경 / 산책 / 걷기', '체험 활동 / 입장 및 관람', '취식', '휴식']"
g_g001656,['취식']
g_g001662,['쇼핑 / 구매']
g_g001665,"['단순 구경 / 산책 / 걷기', '쇼핑 / 구매', '취식', '휴식']"
g_g001668,['취식']
g_g001669,['휴식']
g_g001673,['취식']
g_g001674,['체험 활동 / 입장 및 관람']
g_g001677,['휴식']
g_g001678,['단순 구경 / 산책 / 걷기']
g_g001679,['취식']
g_g001681,['취식']
g_g001682,"['쇼핑 / 구매', '취식']"
g_g001684,['단순 구경 / 산책 / 걷기']
g_g001686,['취식']
g_g001689,"['취식', '휴식']"
g_g001690,"['취식', '휴식']"
g_g001692,['취식']
g_g001693,['취식']
g_g001694,['취식']
g_g001695,['단순 구경 / 산책 / 걷기']
g_g001697,"['체험 활동 / 입장 및 관람', '취식']"
g_g001698,['취식']
g_g001700,"['단순 구경 / 산책 / 걷기', '체험 활동 / 입장 및 관람', '취식']"
g_g001701,"['쇼핑 / 구매', '체험 활동 / 입장 및 관람']"
g_g001702,['취식']
g_g001703,['환승/경유']
g_g001704,['단순 구경 / 산책 / 걷기']
g_g001708,"['쇼핑 / 구매', '취식']"
g_g001710,['취식']
g_g001715,['쇼핑 / 구매']
g_g001716,['취식']
g_g001718,['취식']
g_g001721,['취식']
g_g001722,"['단순 구경 / 산책 / 걷기', '취식']"
g_g001724,"['단순 구경 / 산책 / 걷기', '휴식']"
g_g001733,['취식']
g_g001734,['단순 구경 / 산책 / 걷기']
g_g001740,['취식']
g_g001741,"['취식', '환승/경유']"
g_g001743,"['단순 구경 / 산책 / 걷기', '휴식']"
g_g001753,['취식']
g_g001755,['취식']
g_g001761,['단순 구경 / 산책 / 걷기']
g_g001763,"['단순 구경 / 산책 / 걷기', '취식', '휴식']"
g_g001764,"['단순 구경 / 산책 / 걷기', '체험 활동 / 입장 및 관람', '취식', '휴식']"
g_g001765,['체험 활동 / 입장 및 관람']
g_g001768,['취식']
g_g001779,['취식']
g_g001780,"['단순 구경 / 산책 / 걷기', '휴식']"
g_g001786,"['단순 구경 / 산책 / 걷기', '취식']"
g_g001789,"['취식', '환승/경유']"
g_g001791,['단순 구경 / 산책 / 걷기']
g_g001794,['취식']
g_g001795,['취식']
g_g001796,['취식']
g_g001797,['체험 활동 / 입장 및 관람']
g_g001798,['취식']
g_g001799,"['단순 구경 / 산책 / 걷기', '취식']"
g_g001803,"['기타 활동', '단순 구경 / 산책 / 걷기', '취식']"
g_g001806,['단순 구경 / 산책 / 걷기']
g_g001810,['취식']
g_g001812,"['기타 활동', '체험 활동 / 입장 및 관람', '취식']"
g_g001818,"['단순 구경 / 산책 / 걷기', '취식']"
g_g001819,['환승/경유']
g_g001826,['취식']
g_g001829,['취식']
g_g001830,['취식']
g_g001832,['쇼핑 / 구매']
g_g001833,['쇼핑 / 구매']
g_g001834,['취식']
g_g001835,"['취식', '휴식']"
g_g001836,['취식']
g_g001837,['취식']
g_g001846,"['취식', '환승/경유']"
g_g001850,"['체험 활동 / 입장 및 관람', '취식']"
g_g001856,['휴식']
g_g001857,"['취식', '휴식']"
g_g001859,"['단순 구경 / 산책 / 걷기', '체험 활동 / 입장 및 관람']"
g_g001866,"['단순 구경 / 산책 / 걷기', '취식']"
g_g001868,['단순 구경 / 산책 / 걷기']
g_g001875,['단순 구경 / 산책 / 걷기']
g_g001876,['취식']
g_g001877,['휴식']
g_g001879,"['체험 활동 / 입장 및 관람', '취식']"
g_g001880,['취식']
g_g001881,['쇼핑 / 구매']
g_g001882,"['단순 구경 / 산책 / 걷기', '체험 활동 / 입장 및 관람', '취식']"
g_g001884,['쇼핑 / 구매']
g_g001888,['취식']
g_g001890,['취식']
g_g001891,['환승/경유']
g_g001895,['취식']
g_g001900,['취식']
g_g001913,['취식']
g_g001914,"['취식', '휴식']"
g_g001916,"['쇼핑 / 구매', '취식']"
g_g001920,"['단순 구경 / 산책 / 걷기', '취식', '휴식']"
g_g001928,['단순 구경 / 산책 / 걷기']
g_g001929,['취식']
g_g001932,['단순 구경 / 산책 / 걷기']
g_g001947,['취식']
g_g001954,"['단순 구경 / 산책 / 걷기', '취식', '휴식']"
g_g001963,['단순 구경 / 산책 / 걷기']
g_g001964,['취식']
g_g001965,['단순 구경 / 산책 / 걷기']
g_g001977,['취식']
g_g001981,['취식']
g_g001984,"['단순 구경 / 산책 / 걷기', '취식']"
g_g001993,['취식']
g_g002014,['취식']
g_g002017,"['쇼핑 / 구매', '취식', '휴식']"
g_g002019,['취식']
g_g002028,['취식']
g_g002032,"['취식', '휴식']"
g_g002035,['취식']
g_g002037,['취식']
g_g002041,['단순 구경 / 산책 / 걷기']
g_g002046,"['단순 구경 / 산책 / 걷기', '취식']"
g_g002048,['취식']
g_g002056,['취식']
g_g002059,['휴식']
g_g002073,['단순 구경 / 산책 / 걷기']
g_g002075,['취식']
g_g002078,"['취식', '휴식']"
g_g002088,['취식']
g_g002089,['취식']
g_g002094,"['체험 활동 / 입장 및 관람', '취식']"
g_g002096,"['취식', '휴식']"
g_g002098,['단순 구경 / 산책 / 걷기']
g_g002104,['단순 구경 / 산책 / 걷기']
g_g002109,['체험 활동 / 입장 및 관람']
g_g002110,['취식']
g_g002120,"['단순 구경 / 산책 / 걷기', '체험 활동 / 입장 및 관람', '취식']"
g_g002122,['취식']
g_g002127,['취식']
g_g002130,['쇼핑 / 구매']
g_g002134,['단순 구경 / 산책 / 걷기']
g_g002144,['취식']
g_g002148,['휴식']
g_g002151,['취식']
g_g002152,['단순 구경 / 산책 / 걷기']
g_g002154,['단순 구경 / 산책 / 걷기']
g_g002156,"['쇼핑 / 구매', '취식']"
g_g002159,['취식']
g_g002164,['취식']
g_g002169,"['기타 활동', '쇼핑 / 구매']"
g_g002176,['취식']
g_g002177,['취식']
g_g002178,['휴식']
g_g002189,['쇼핑 / 구매']
g_g002190,['체험 활동 / 입장 및 관람']
g_g002195,['취식']
g_g002202,"['취식', '환승/경유']"
g_g002207,"['취식', '휴식']"
g_g002212,"['단순 구경 / 산책 / 걷기', '취식']"
g_g002214,['취식']
g_g002219,['체험 활동 / 입장 및 관람']
g_g002220,['취식']
g_g002222,['취식']
g_g002223,['취식']
g_g002224,['취식']
g_g002230,['취식']
g_g002232,['취식']
g_g002233,['취식']
g_g002235,['취식']
g_g002238,['취식']
g_g002241,['취식']
g_g002242,"['단순 구경 / 산책 / 걷기', '취식', '휴식']"
g_g002244,['쇼핑 / 구매']
g_g002245,['취식']
g_g002247,"['단순 구경 / 산책 / 걷기', '체험 활동 / 입장 및 관람', '취식', '휴식']"
g_g002255,['취식']
g_g002256,"['단순 구경 / 산책 / 걷기', '체험 활동 / 입장 및 관람', '취식', '휴식']"
g_g002258,"['취식', '휴식']"
g_g002262,['취식']
g_g002264,['취식']
g_g002271,['취식']
g_g002273,"['쇼핑 / 구매', '휴식']"
g_g002275,['단순 구경 / 산책 / 걷기']
g_g002412,['쇼핑 / 구매']
g_g002416,['취식']
g_g002417,['취식']
g_g002421,['취식']
g_g002429,['단순 구경 / 산책 / 걷기']
g_g002431,['취식']
g_g002436,['환승/경유']
g_g002438,"['체험 활동 / 입장 및 관람', '취식']"
g_g002440,['취식']
g_g002441,['취식']
g_g002445,['환승/경유']
g_g002446,['취식']
g_g002460,['쇼핑 / 구매']
g_g002465,['취식']
g_g002466,['체험 활동 / 입장 및 관람']
g_g002472,['취식']
g_g002473,['취식']
g_g002475,['단순 구경 / 산책 / 걷기']
g_g002478,['취식']
g_g002483,"['기타 활동', '단순 구경 / 산책 / 걷기']"
g_g002492,['취식']
g_g002496,['체험 활동 / 입장 및 관람']
g_g002497,"['단순 구경 / 산책 / 걷기', '취식']"
g_g002500,['취식']
g_g002512,['휴식']
g_g002513,['쇼핑 / 구매']
g_g002516,['체험 활동 / 입장 및 관람']
g_g002519,"['단순 구경 / 산책 / 걷기', '체험 활동 / 입장 및 관람', '취식', '휴식']"
g_g002521,['취식']
g_g002533,['취식']
g_g002538,['취식']
g_g002542,"['단순 구경 / 산책 / 걷기', '취식']"
g_g002543,['취식']
g_g002545,['취식']
g_g002546,['취식']
g_g002552,['취식']
g_g002554,['단순 구경 / 산책 / 걷기']
g_g002560,"['단순 구경 / 산책 / 걷기', '쇼핑 / 구매', '취식']"
g_g002564,['단순 구경 / 산책 / 걷기']
g_g002565,['취식']
g_g002570,['취식']
g_g002583,['취식']
g_g002585,['체험 활동 / 입장 및 관람']
g_g002588,['취식']
g_g002593,['체험 활동 / 입장 및 관람']
g_g002601,['취식']
g_g002603,['단순 구경 / 산책 / 걷기']
g_g002606,"['단순 구경 / 산책 / 걷기', '체험 활동 / 입장 및 관람', '취식']"
g_g002607,['취식']
g_g002612,"['취식', '휴식']"
g_g002616,['취식']
g_g002620,"['쇼핑 / 구매', '취식']"
g_g002622,['휴식']
g_g002624,['체험 활동 / 입장 및 관람']
g_g002626,"['취식', '환승/경유']"
g_g002627,['취식']
g_g002631,['휴식']
g_g002632,"['체험 활동 / 입장 및 관람', '취식']"
g_g002633,['취식']
g_g002634,['취식']
g_g002636,"['단순 구경 / 산책 / 걷기', '취식']"
g_g002637,"['쇼핑 / 구매', '취식']"
g_g002638,['취식']
g_g002647,['쇼핑 / 구매']
g_g002648,['쇼핑 / 구매']
g_g002657,"['단순 구경 / 산책 / 걷기', '체험 활동 / 입장 및 관람', '취식']"
g_g002658,"['취식', '환승/경유']"
g_g002668,['취식']
g_g002671,"['쇼핑 / 구매', '체험 활동 / 입장 및 관람', '취식']"
g_g002679,['쇼핑 / 구매']
g_g002680,['취식']
g_g002683,['취식']
g_g002688,['취식']
g_g002690,['취식']
g_g002691,['취식']
g_g002693,['쇼핑 / 구매']
g_g002698,['취식']
g_g002701,"['단순 구경 / 산책 / 걷기', '취식']"
g_g002702,['취식']
g_g002703,['취식']
g_g002704,['취식']
g_g002705,['취식']
g_g002711,['취식']
g_g002718,['취식']
g_g002719,['취식']
g_g002727,['휴식']
g_g002729,['취식']
g_g002731,['취식']
g_g002732,['취식']
g_g002735,['취식']
g_g002738,['휴식']
g_g002744,"['단순 구경 / 산책 / 걷기', '취식', '휴식']"
g_g002745,['취식']
g_g002750,['취식']
g_g002752,['취식']
g_g002753,['취식']
g_g002759,['취식']
g_g002760,['취식']
g_g002762,['취식']
g_g002764,['취식']
g_g002765,"['단순 구경 / 산책 / 걷기', '쇼핑 / 구매', '취식', '휴식']"
g_g002766,"['단순 구경 / 산책 / 걷기', '취식']"
g_g002767,"['쇼핑 / 구매', '체험 활동 / 입장 및 관람', '취식']"
g_g002770,['취식']
g_g002776,['기타 활동']
g_g002784,['취식']
g_g002793,"['단순 구경 / 산책 / 걷기', '체험 활동 / 입장 및 관람', '취식']"
g_g002795,['취식']
g_g002798,['단순 구경 / 산책 / 걷기']
g_g002802,['휴식']
g_g002804,"['단순 구경 / 산책 / 걷기', '체험 활동 / 입장 및 관람']"
g_g002806,['취식']
g_g002809,['취식']
g_g002811,['취식']
g_g002819,['취식']
g_g002820,"['쇼핑 / 구매', '체험 활동 / 입장 및 관람', '취식']"
g_g002825,['쇼핑 / 구매']
g_g002827,['취식']
g_g002828,['취식']
g_g002829,['취식']
g_g002832,"['취식', '휴식']"
g_g002833,['취식']
g_g002837,['취식']
g_g002838,['휴식']
g_g002841,['취식']
g_g002842,['취식']
g_g002851,['취식']
g_g002854,['취식']
g_g002856,"['체험 활동 / 입장 및 관람', '취식']"
g_g002857,['환승/경유']
g_g002865,"['쇼핑 / 구매', '취식']"
g_g002867,['취식']
g_g002872,['취식']
g_g002874,['취식']
g_g002875,['취식']
g_g002880,['단순 구경 / 산책 / 걷기']
g_g002886,"['취식', '휴식']"
g_g002887,"['쇼핑 / 구매', '취식']"
g_g002890,['취식']
g_g002891,['취식']
g_g002896,['취식']
g_g002897,['취식']
g_g002900,['휴식']
g_g002903,"['체험 활동 / 입장 및 관람', '취식']"
g_g002906,['취식']
g_g002907,['취식']
g_g002908,"['체험 활동 / 입장 및 관람', '취식']"
g_g002912,"['단순 구경 / 산책 / 걷기', '취식', '환승/경유']"
g_g002916,['취식']
g_g002918,['취식']
g_g002928,['취식']
g_g002933,['취식']
g_g002943,['단순 구경 / 산책 / 걷기']
g_g002944,"['취식', '휴식']"
g_g002946,['취식']
g_g002949,"['체험 활동 / 입장 및 관람', '취식', '휴식']"
g_g002952,"['단순 구경 / 산책 / 걷기', '쇼핑 / 구매']"
g_g002953,['단순 구경 / 산책 / 걷기']
g_g002955,['쇼핑 / 구매']
g_g002963,['취식']
g_g002967,['단순 구경 / 산책 / 걷기']
g_g002974,['취식']
g_g002975,['취식']
g_g002983,['취식']
g_g002985,['단순 구경 / 산책 / 걷기']
g_g002986,['취식']
g_g002987,"['단순 구경 / 산책 / 걷기', '휴식']"
g_g002988,['취식']
g_g002989,['취식']
g_g002991,['취식']
g_g002993,['쇼핑 / 구매']
g_g002995,['단순 구경 / 산책 / 걷기']
g_g002999,['단순 구경 / 산책 / 걷기']
g_g003001,['단순 구경 / 산책 / 걷기']
g_g003004,['취식']
g_g003019,['기타 활동']
g_g003026,['휴식']
g_g003028,['휴식']
g_g003029,['취식']
g_g003034,"['기타 활동', '취식']"
g_g003035,['취식']
g_g003039,"['기타 활동', '체험 활동 / 입장 및 관람', '취식']"
g_g003042,['취식']
g_g003043,['체험 활동 / 입장 및 관람']
g_g003047,['취식']
g_g003050,"['단순 구경 / 산책 / 걷기', '취식']"
g_g003051,['취식']
g_g003053,['취식']
g_g003058,"['환승/경유', '휴식']"
g_g003059,['기타 활동']
g_g003061,"['취식', '휴식']"
g_g003062,['휴식']
g_g003064,['취식']
g_g003065,['취식']
g_g003067,['단순 구경 / 산책 / 걷기']
g_g003068,"['쇼핑 / 구매', '취식']"
g_g003071,['취식']
g_g003077,['단순 구경 / 산책 / 걷기']
g_g003079,['쇼핑 / 구매']
g_g003086,['취식']
g_g003090,['단순 구경 / 산책 / 걷기']
g_g003092,['체험 활동 / 입장 및 관람']
g_g003096,['환승/경유']
g_g003097,['취식']
g_g003098,['취식']
g_g003101,"['쇼핑 / 구매', '취식']"
g_g003104,"['체험 활동 / 입장 및 관람', '취식', '휴식']"
g_g003108,"['취식', '휴식']"
g_g003115,['환승/경유']
g_g003118,"['쇼핑 / 구매', '취식']"
g_g003119,['취식']
g_g003120,['취식']
g_g003121,['단순 구경 / 산책 / 걷기']
g_g003130,['휴식']
g_g003135,['취식']
g_g003137,['쇼핑 / 구매']
g_g003140,['단순 구경 / 산책 / 걷기']
g_g003143,['취식']
g_g003144,['단순 구경 / 산책 / 걷기']
g_g003145,['취식']
g_g003150,"['쇼핑 / 구매', '취식']"
g_g003151,['취식']
g_g003153,['단순 구경 / 산책 / 걷기']
g_g003154,['체험 활동 / 입장 및 관람']
g_g003159,"['단순 구경 / 산책 / 걷기', '취식']"
g_g003162,"['단순 구경 / 산책 / 걷기', '취식']"
g_g003165,['쇼핑 / 구매']
g_g003168,"['없음', '체험 활동 / 입장 및 관람', '취식']"
g_g003169,['기타 활동']
g_g003173,['단순 구경 / 산책 / 걷기']
g_g003174,['취식']
g_g003177,['쇼핑 / 구매']
g_g003179,['단순 구경 / 산책 / 걷기']
g_g003182,['취식']
g_g003189,['취식']
g_g003192,['단순 구경 / 산책 / 걷기']
g_g003193,"['단순 구경 / 산책 / 걷기', '환승/경유']"
g_g003194,"['쇼핑 / 구매', '취식']"
g_g003195,['취식']
g_g003196,['취식']
g_g003199,['취식']
g_g003200,"['기타 활동', '단순 구경 / 산책 / 걷기', '체험 활동 / 입장 및 관람', '취식']"
g_g003202,['취식']
g_g003208,['취식']
g_g003210,"['단순 구경 / 산책 / 걷기', '취식']"
g_g003212,"['단순 구경 / 산책 / 걷기', '체험 활동 / 입장 및 관람', '취식']"
g_g003217,"['단순 구경 / 산책 / 걷기', '취식']"
g_g003221,"['단순 구경 / 산책 / 걷기', '취식']"
g_g003224,['취식']
g_g003227,"['단순 구경 / 산책 / 걷기', '취식']"
g_g003235,['취식']
g_g003238,['단순 구경 / 산책 / 걷기']
g_g003243,['취식']
g_g003246,['체험 활동 / 입장 및 관람']
g_g003251,"['단순 구경 / 산책 / 걷기', '휴식']"
g_g003252,['휴식']
g_g003255,['취식']
g_g003266,['취식']
g_g003267,['취식']
g_g003273,"['체험 활동 / 입장 및 관람', '취식']"
g_g003278,['취식']
g_g003281,['취식']
g_g003284,['취식']
g_g003290,['휴식']
g_g003296,"['쇼핑 / 구매', '취식']"
g_g003301,['취식']
g_g003307,['취식']
g_g003308,['체험 활동 / 입장 및 관람']
g_g003314,['취식']
g_g003320,['단순 구경 / 산책 / 걷기']
g_g003323,['단순 구경 / 산책 / 걷기']
g_g003326,['쇼핑 / 구매']
g_g003329,"['단순 구경 / 산책 / 걷기', '취식']"
g_g003334,['단순 구경 / 산책 / 걷기']
g_g003335,['휴식']
g_g003337,['취식']
g_g003340,['체험 활동 / 입장 및 관람']
g_g003352,['취식']
g_g003353,['취식']
g_g003355,['취식']
g_g003359,['취식']
g_g003368,"['단순 구경 / 산책 / 걷기', '휴식']"
g_g003369,['휴식']
g_g003370,['쇼핑 / 구매']
g_g003372,['취식']
g_g003376,['단순 구경 / 산책 / 걷기']
g_g003380,['단순 구경 / 산책 / 걷기']
g_g003382,['취식']
g_g003388,['취식']
g_g003391,['취식']
g_g003394,['취식']
g_g003398,['취식']
g_g003399,['환승/경유']
g_g003403,['취식']
g_g003408,['취식']
g_g003418,['취식']
g_g003420,['단순 구경 / 산책 / 걷기']
g_g003422,['휴식']
g_g003429,"['단순 구경 / 산책 / 걷기', '취식']"
g_g003438,['쇼핑 / 구매']
g_g003444,"['쇼핑 / 구매', '취식']"
g_g003453,['취식']
g_g003455,['취식']
g_g003459,['취식']
g_g003463,['쇼핑 / 구매']
g_g003464,['취식']
g_g003467,"['쇼핑 / 구매', '취식']"
g_g003468,['취식']
g_g003474,"['쇼핑 / 구매', '취식', '환승/경유']"
g_g003480,['취식']
g_g003485,"['취식', '환승/경유']"
g_g003491,['취식']
g_g003492,['휴식']
g_g003495,['취식']
g_g003497,"['취식', '휴식']"
g_g003499,"['쇼핑 / 구매', '취식']"
g_g003511,['취식']
g_g003512,['취식']
g_g003515,['취식']
g_g003516,"['취식', '휴식']"
g_g003525,['취식']
g_g003526,['취식']
g_g003535,['체험 활동 / 입장 및 관람']
g_g003541,['취식']
g_g003544,['취식']
g_g003554,['쇼핑 / 구매']
g_g003555,['취식']
g_g003556,['취식']
g_g003559,['휴식']
g_g003561,"['단순 구경 / 산책 / 걷기', '취식']"
g_g003563,['취식']
g_g003565,['취식']
g_g003570,['취식']
g_g003572,['취식']
g_g003573,['환승/경유']
g_g003576,"['취식', '휴식']"
g_g003577,"['단순 구경 / 산책 / 걷기', '휴식']"
g_g003583,['취식']
g_g003586,['취식']
g_g003589,['취식']
g_g003599,['취식']
g_g003600,['취식']
g_g003608,['휴식']
g_g003610,['취식']
g_g003613,['취식']
g_g003615,"['체험 활동 / 입장 및 관람', '취식']"
g_g003623,"['취식', '휴식']"
g_g003624,"['체험 활동 / 입장 및 관람', '취식', '휴식']"
g_g003629,['취식']
g_g003636,"['단순 구경 / 산책 / 걷기', '취식']"
g_g003645,['취식']
g_g003646,['취식']
g_g003648,['취식']
g_g003652,['환승/경유']
g_g003655,['단순 구경 / 산책 / 걷기']
g_g003658,['취식']
g_g003661,['단순 구경 / 산책 / 걷기']
g_g003664,['취식']
g_g003665,['취식']
g_g003681,['단순 구경 / 산책 / 걷기']
g_g003687,['쇼핑 / 구매']
g_g003688,['취식']
g_g003700,['휴식']
g_g003701,['휴식']
g_g003712,['취식']
g_g003714,['쇼핑 / 구매']
g_g003717,['취식']
g_g003718,"['단순 구경 / 산책 / 걷기', '취식', '휴식']"
g_g003722,['취식']
g_g003728,['취식']
g_g003729,['체험 활동 / 입장 및 관람']
g_g003733,['휴식']
g_g003736,['취식']
g_g003738,['취식']
g_g003746,"['쇼핑 / 구매', '취식']"
g_g003758,['단순 구경 / 산책 / 걷기']
g_g003770,['취식']
g_g003771,['취식']
g_g003779,"['단순 구경 / 산책 / 걷기', '취식']"
g_g003805,"['쇼핑 / 구매', '취식']"
g_g003807,['단순 구경 / 산책 / 걷기']
g_g003810,['취식']
g_g003821,['취식']
g_g003824,['취식']
g_g003839,['취식']
g_g003845,['휴식']
g_g003846,"['체험 활동 / 입장 및 관람', '취식']"
g_g003847,['휴식']
g_g003852,"['체험 활동 / 입장 및 관람', '취식']"
g_g003860,"['체험 활동 / 입장 및 관람', '취식']"
g_g003867,['휴식']
g_g003869,"['취식', '휴식']"
g_g003871,['취식']
g_g003874,"['단순 구경 / 산책 / 걷기', '체험 활동 / 입장 및 관람']"
g_g003875,['단순 구경 / 산책 / 걷기']
g_g003899,['단순 구경 / 산책 / 걷기']
g_g003902,['쇼핑 / 구매']
g_g003906,['취식']
g_g003917,"['취식', '환승/경유', '휴식']"
g_g003921,['휴식']
g_g003929,['체험 활동 / 입장 및 관람']
g_g003940,"['쇼핑 / 구매', '취식']"
g_g003944,['취식']
g_g003950,['쇼핑 / 구매']
g_g003956,['취식']
g_g003957,['취식']
g_g003959,"['취식', '환승/경유']"
g_g003960,['취식']
g_g003961,['취식']
g_g003962,['휴식']
g_g003965,['취식']
g_g003980,"['단순 구경 / 산책 / 걷기', '취식', '휴식']"
g_g003984,"['기타 활동', '취식']"
g_g003986,['환승/경유']
g_g003990,['환승/경유']
g_g004004,['환승/경유']
g_g004025,['체험 활동 / 입장 및 관람']
g_g004036,['쇼핑 / 구매']
g_g004047,"['체험 활동 / 입장 및 관람', '취식']"
g_g004064,"['쇼핑 / 구매', '취식']"
g_g004065,['취식']
g_g004066,['체험 활동 / 입장 및 관람']
g_g004101,['단순 구경 / 산책 / 걷기']
g_g004103,['취식']
g_g004104,['취식']
g_g004109,['단순 구경 / 산책 / 걷기']
g_g004124,['취식']
g_g004138,['휴식']
g_g004139,"['기타 활동', '취식']"
g_g004152,"['체험 활동 / 입장 및 관람', '취식']"
g_g004154,['취식']
g_g004155,['취식']
g_g004170,['취식']
g_g004174,['체험 활동 / 입장 및 관람']
g_g004180,['취식']
g_g004187,['취식']
g_g004189,['취식']
g_g004205,['휴식']
g_g004229,"['단순 구경 / 산책 / 걷기', '체험 활동 / 입장 및 관람', '취식']"
g_g004231,['취식']
g_g004234,['환승/경유']
g_g004239,['취식']
g_g004255,['휴식']
g_g004259,['취식']
g_g004265,['기타 활동']
g_g004276,['휴식']
g_g004279,['취식']
g_g004282,['취식']
g_g004288,['휴식']
g_g004289,['단순 구경 / 산책 / 걷기']
g_g004294,"['취식', '휴식']"
g_g004297,"['취식', '휴식']"
g_g004309,['취식']
g_g004310,['취식']
g_g004317,['취식']
g_g004318,['쇼핑 / 구매']
g_g004324,['취식']
g_g004327,['휴식']
g_g004329,['취식']
g_g004340,['취식']
g_g004350,['취식']
g_g004354,"['체험 활동 / 입장 및 관람', '취식']"
g_g004355,['취식']
g_g004359,['취식']
g_g004366,['취식']
g_g004375,['쇼핑 / 구매']
g_g004380,['단순 구경 / 산책 / 걷기']
g_g004383,['휴식']
g_g004392,['취식']
g_g004393,"['체험 활동 / 입장 및 관람', '취식']"
g_g004397,['환승/경유']
g_g004398,['취식']
g_g004399,['쇼핑 / 구매']
g_g004401,['취식']
g_g004406,"['체험 활동 / 입장 및 관람', '취식']"
g_g004412,"['단순 구경 / 산책 / 걷기', '체험 활동 / 입장 및 관람', '취식']"
g_g004416,['취식']
g_g004420,['취식']
g_g004435,"['취식', '휴식']"
g_g004436,['취식']
g_g004438,['단순 구경 / 산책 / 걷기']
g_g004446,"['단순 구경 / 산책 / 걷기', '체험 활동 / 입장 및 관람']"
g_g004453,['취식']
g_g004454,['취식']
g_g004458,"['쇼핑 / 구매', '취식', '휴식']"
g_g004467,['쇼핑 / 구매']
g_g004472,['취식']
g_g004476,['취식']
g_g004485,['체험 활동 / 입장 및 관람']
g_g004489,"['쇼핑 / 구매', '체험 활동 / 입장 및 관람', '취식']"
g_g004492,['취식']
g_g004494,['휴식']
g_g004498,['없음']
g_g004510,['단순 구경 / 산책 / 걷기']
g_g004511,['단순 구경 / 산책 / 걷기']
g_g004516,['체험 활동 / 입장 및 관람']
g_g004519,['휴식']
g_g004521,['취식']
g_g004524,['환승/경유']
g_g004538,['취식']
g_g004551,['취식']
g_g004552,['취식']
g_g004554,"['단순 구경 / 산책 / 걷기', '취식']"
g_g004556,['취식']
g_g004573,['취식']
g_g004578,['쇼핑 / 구매']
g_g004593,['취식']
g_g004594,['체험 활동 / 입장 및 관람']
g_g004606,['기타 활동']
g_g004621,"['단순 구경 / 산책 / 걷기', '취식']"
g_g004622,['쇼핑 / 구매']
g_g004626,['취식']
g_g004629,['취식']
g_g004630,['취식']
g_g004631,['쇼핑 / 구매']
g_g004636,"['쇼핑 / 구매', '취식', '휴식']"
g_g004637,['취식']
g_g004656,"['쇼핑 / 구매', '휴식']"
g_g004669,['단순 구경 / 산책 / 걷기']
g_g004671,['취식']
g_g004678,['취식']
g_g004681,"['단순 구경 / 산책 / 걷기', '취식']"
g_g004688,"['쇼핑 / 구매', '취식']"
g_g004701,['휴식']
g_g004707,"['쇼핑 / 구매', '취식', '휴식']"
g_g004714,['휴식']
g_g004719,['취식']
g_g004722,['취식']
g_g004723,['없음']
g_g004731,"['쇼핑 / 구매', '체험 활동 / 입장 및 관람', '취식', '휴식']"
g_g004740,['취식']
g_g004754,['취식']
g_g004762,['쇼핑 / 구매']
g_g004766,['취식']
g_g004772,['취식']
g_g004776,"['쇼핑 / 구매', '취식']"
g_g004781,['취식']
g_g004810,['취식']
g_g004815,['취식']
g_g004816,['취식']
g_g004822,['취식']
g_g004826,['쇼핑 / 구매']
g_g004828,['쇼핑 / 구매']
g_g004831,['취식']
g_g004839,"['단순 구경 / 산책 / 걷기', '취식']"
g_g004849,['취식']
g_g004852,['취식']
g_g004853,['취식']
g_g004865,['취식']
g_g004869,['휴식']
g_g004877,['취식']
g_g004879,['취식']
g_g004886,['휴식']
g_g004893,['취식']
g_g004904,"['취식', '휴식']"
g_g004905,['취식']
g_g004906,['취식']
g_g004909,['쇼핑 / 구매']
g_g004915,['취식']
g_g004916,['취식']
g_g004920,['취식']
g_g004925,['취식']
g_g004926,"['체험 활동 / 입장 및 관람', '취식']"
g_g004955,['취식']
g_g004961,['취식']
g_g004971,['취식']
g_g004975,['단순 구경 / 산책 / 걷기']
g_g004976,['취식']
g_g004977,['취식']
g_g004993,['취식']
g_g004994,"['쇼핑 / 구매', '취식']"
g_g005012,"['단순 구경 / 산책 / 걷기', '취식']"
g_g005034,"['쇼핑 / 구매', '취식']"
g_g005053,['쇼핑 / 구매']
g_g005056,['취식']
g_g005060,['휴식']
g_g005076,"['단순 구경 / 산책 / 걷기', '체험 활동 / 입장 및 관람', '취식']"
g_g005080,['취식']
g_g005081,"['쇼핑 / 구매', '없음', '체험 활동 / 입장 및 관람', '취식', '휴식']"
g_g005083,['휴식']
g_g005094,['취식']
g_g005105,['휴식']
g_g005114,['취식']
g_g005119,"['기타 활동', '취식']"
g_g005127,['취식']
g_g005153,"['단순 구경 / 산책 / 걷기', '취식']"
g_g005160,['취식']
g_g005164,['취식']
g_g005165,['취식']
g_g005167,['취식']
g_g005170,['취식']
g_g005171,['취식']
g_g005173,['취식']
g_g005175,['쇼핑 / 구매']
g_g005187,['취식']
g_g005198,['체험 활동 / 입장 및 관람']
g_g005200,['취식']
g_g005206,['취식']
g_g005209,['휴식']
g_g005218,['취식']
g_g005219,['취식']
g_g005225,['취식']
g_g005243,['취식']
g_g005250,['단순 구경 / 산책 / 걷기']
g_g005254,"['기타 활동', '취식']"
g_g005259,['취식']
g_g005266,['쇼핑 / 구매']
g_g005270,['취식']
g_g005271,['취식']
g_g005273,['취식']
g_g005280,['취식']
g_g005282,['취식']
g_g005297,['휴식']
g_g005299,['휴식']
g_g005300,['쇼핑 / 구매']
g_g005302,['취식']
g_g005303,['휴식']
g_g005310,['쇼핑 / 구매']
g_g005319,['취식']
g_g005330,['취식']
g_g005358,"['기타 활동', '쇼핑 / 구매', '체험 활동 / 입장 및 관람', '휴식']"
g_g005372,['취식']
g_g005377,"['체험 활동 / 입장 및 관람', '취식', '휴식']"
g_g005387,['취식']
g_g005391,['취식']
g_g005392,['취식']
g_g005395,['취식']
g_g005398,['취식']
g_g005400,['단순 구경 / 산책 / 걷기']
g_g005402,['취식']
g_g005415,['취식']
g_g005419,['취식']
g_g005438,"['기타 활동', '취식']"
g_g005447,['취식']
g_g005454,['취식']
g_g005455,['환승/경유']
g_g005461,['취식']
g_g005465,['취식']
g_g005537,['취식']
g_g005541,['취식']
g_g005542,['취식']
g_g005544,['휴식']
g_g005548,['단순 구경 / 산책 / 걷기']
g_g005549,['취식']
g_g005552,['취식']
g_g005554,['쇼핑 / 구매']
g_g005555,['취식']
g_g005559,['취식']
g_g005562,['쇼핑 / 구매']
g_g005564,['취식']
g_g005565,['단순 구경 / 산책 / 걷기']
g_g005567,['취식']
g_g005568,"['취식', '환승/경유']"
g_g005569,"['단순 구경 / 산책 / 걷기', '취식']"
g_g005572,['취식']
g_g005573,['단순 구경 / 산책 / 걷기']
g_g005574,"['쇼핑 / 구매', '체험 활동 / 입장 및 관람']"
g_g005576,['체험 활동 / 입장 및 관람']
g_g005578,"['쇼핑 / 구매', '취식', '환승/경유', '휴식']"
g_g005579,['휴식']
g_g005580,['취식']
g_g005581,['취식']
g_g005583,['취식']
g_g005589,['쇼핑 / 구매']
g_g005590,"['단순 구경 / 산책 / 걷기', '취식', '휴식']"
g_g005591,"['단순 구경 / 산책 / 걷기', '취식']"
g_g005593,['쇼핑 / 구매']
g_g005594,['쇼핑 / 구매']
g_g005597,"['쇼핑 / 구매', '체험 활동 / 입장 및 관람', '취식']"
g_g005599,['체험 활동 / 입장 및 관람']
g_g005601,['체험 활동 / 입장 및 관람']
g_g005602,"['기타 활동', '체험 활동 / 입장 및 관람', '취식']"
g_g005681,"['취식', '휴식']"
g_g005683,"['단순 구경 / 산책 / 걷기', '쇼핑 / 구매', '체험 활동 / 입장 및 관람', '취식']"
g_g005684,['휴식']
g_g005692,['취식']
g_g005694,['취식']
g_g005701,['취식']
g_g005704,['취식']
g_g005707,['취식']
g_g005708,['휴식']
g_g005709,['취식']
g_g005711,['취식']
g_g005716,['취식']
g_g005725,['취식']
g_g005742,['취식']
g_g005745,"['체험 활동 / 입장 및 관람', '취식']"
g_g005746,['취식']
g_g005750,"['체험 활동 / 입장 및 관람', '휴식']"
g_g005754,['단순 구경 / 산책 / 걷기']
g_g005762,['취식']
g_g005783,['쇼핑 / 구매']
g_g005786,['취식']
g_g005791,['쇼핑 / 구매']
g_g005793,['취식']
g_g005794,"['단순 구경 / 산책 / 걷기', '취식', '휴식']"
g_g005795,"['기타 활동', '단순 구경 / 산책 / 걷기', '취식']"
g_g005798,"['체험 활동 / 입장 및 관람', '취식']"
g_g005806,['취식']
g_g005807,['취식']
g_g005808,['취식']
g_g005809,['취식']
g_g005811,"['쇼핑 / 구매', '환승/경유']"
g_g005812,['취식']
g_g005814,['취식']
g_g005815,['취식']
g_g005817,['취식']
g_g005828,['단순 구경 / 산책 / 걷기']
g_g005838,['단순 구경 / 산책 / 걷기']
g_g005840,['단순 구경 / 산책 / 걷기']
g_g005841,['취식']
g_g005843,['단순 구경 / 산책 / 걷기']
g_g005844,['취식']
g_g005855,['취식']
g_g005868,"['체험 활동 / 입장 및 관람', '취식']"
g_g005889,['취식']
g_g005895,['체험 활동 / 입장 및 관람']
g_g005899,['취식']
g_g005905,['취식']
g_g005913,['취식']
g_g005920,"['단순 구경 / 산책 / 걷기', '휴식']"
g_g005921,['취식']
g_g005925,['휴식']
g_g005932,['취식']
g_g005952,"['체험 활동 / 입장 및 관람', '취식']"
g_g005954,['취식']
g_g005959,['취식']
g_g005960,['취식']
g_g005965,['취식']
g_g005967,['쇼핑 / 구매']
g_g005972,"['기타 활동', '단순 구경 / 산책 / 걷기', '취식', '휴식']"
g_g005974,['취식']
g_g005975,['체험 활동 / 입장 및 관람']
g_g005978,"['쇼핑 / 구매', '취식']"
g_g005982,['취식']
g_g005990,['취식']
g_g005992,['취식']
g_g006003,['취식']
g_g006020,['취식']
g_g006023,['취식']
g_g006027,['취식']
g_g006029,['취식']
g_g006055,['취식']
g_g006057,['취식']
g_g006061,['쇼핑 / 구매']
g_g006065,['취식']
g_g006076,['취식']
g_g006084,['쇼핑 / 구매']
g_g006092,['취식']
g_g006096,"['취식', '휴식']"
g_g006100,['취식']
g_g006101,['취식']
g_g006102,"['단순 구경 / 산책 / 걷기', '취식']"
g_g006114,['취식']
g_g006130,['취식']
g_g006132,['취식']
g_g006135,['휴식']
g_g006137,['취식']
g_g006142,['취식']
g_g006151,['취식']
g_g006152,['취식']
g_g006161,['취식']
g_g006163,"['기타 활동', '취식', '휴식']"
g_g006168,['취식']
g_g006175,['취식']
g_g006179,['취식']
g_g006180,['취식']
g_g006181,['휴식']
g_g006189,"['단순 구경 / 산책 / 걷기', '취식']"
g_g006190,['단순 구경 / 산책 / 걷기']
g_g006196,['취식']
g_g006197,['취식']
g_g006201,['취식']
g_g006210,['취식']
g_g006212,['취식']
g_g006213,['단순 구경 / 산책 / 걷기']
g_g006214,['취식']
g_g006223,['쇼핑 / 구매']
g_g006227,"['체험 활동 / 입장 및 관람', '취식', '휴식']"
g_g006231,['취식']
g_g006249,['단순 구경 / 산책 / 걷기']
g_g006256,['취식']
g_g006260,"['취식', '휴식']"
g_g006265,['환승/경유']
g_g006280,['취식']
g_g006287,['취식']
g_g006322,['취식']
g_g006323,['취식']
g_g006325,['쇼핑 / 구매']
g_g006330,['취식']
g_g006331,['취식']
g_g006359,['취식']
g_g006363,"['체험 활동 / 입장 및 관람', '취식']"
g_g006367,['취식']
g_g006372,['취식']
g_g006376,"['체험 활동 / 입장 및 관람', '취식']"
g_g006378,"['쇼핑 / 구매', '체험 활동 / 입장 및 관람']"
g_g006393,['체험 활동 / 입장 및 관람']
g_g006402,['쇼핑 / 구매']
g_g006414,['취식']
g_g006442,['환승/경유']
g_g006447,['취식']
g_g006459,"['단순 구경 / 산책 / 걷기', '취식', '휴식']"
g_g006460,"['취식', '환승/경유']"
g_g006461,['취식']
g_g006462,['취식']
g_g006465,['취식']
g_g006468,['취식']
g_g006469,['취식']
g_g006470,['취식']
g_g006473,['단순 구경 / 산책 / 걷기']
g_g006475,['취식']
g_g006477,['취식']
g_g006482,['취식']
g_g006489,['쇼핑 / 구매']
g_g006492,['취식']
g_g006496,['단순 구경 / 산책 / 걷기']
g_g006497,"['단순 구경 / 산책 / 걷기', '휴식']"
g_g006510,"['쇼핑 / 구매', '취식', '환승/경유']"
g_g006516,"['취식', '환승/경유', '휴식']"
g_g006517,['취식']
g_g006523,"['취식', '휴식']"
g_g006524,['쇼핑 / 구매']
g_g006529,['취식']
g_g006548,['체험 활동 / 입장 및 관람']
g_g006578,['취식']
g_g006588,['취식']
g_g006601,['취식']
g_g006606,['취식']
g_g006629,['취식']
g_g006651,"['쇼핑 / 구매', '취식']"
g_g006666,['취식']
g_g006668,['취식']
g_g006677,['휴식']
g_g006698,['환승/경유']
g_g006715,['취식']
g_g006718,['체험 활동 / 입장 및 관람']
g_g006725,['취식']
g_g006730,['취식']
g_g006739,['환승/경유']
g_g006741,['취식']
g_g006764,"['취식', '환승/경유']"
g_g006768,"['쇼핑 / 구매', '취식']"
g_g006775,['체험 활동 / 입장 및 관람']
g_g006777,"['취식', '휴식']"
g_g006785,['취식']
g_g006787,['취식']
g_g006800,['취식']
g_g006803,['취식']
g_g006805,['취식']
g_g006807,['취식']
g_g006812,['취식']
g_g006818,['휴식']
g_g006822,['단순 구경 / 산책 / 걷기']
g_g006828,['휴식']
g_g006831,['취식']
g_g006834,['취식']
g_g006835,['취식']
g_g006836,"['쇼핑 / 구매', '취식']"
g_g006842,['쇼핑 / 구매']
g_g006843,['취식']
g_g006844,['체험 활동 / 입장 및 관람']
g_g006859,['체험 활동 / 입장 및 관람']
g_g006860,['취식']
g_g006861,['체험 활동 / 입장 및 관람']
g_g006877,"['단순 구경 / 산책 / 걷기', '취식']"
g_g006893,['환승/경유']
g_g006910,['취식']
g_g006913,['단순 구경 / 산책 / 걷기']
g_g006921,['취식']
g_g006925,['취식']
g_g006945,['취식']
g_g006946,['취식']
g_g006947,['취식']
g_g006954,['취식']
g_g006961,['취식']
g_g006962,"['기타 활동', '쇼핑 / 구매', '휴식']"
g_g006971,['취식']
g_g006974,['취식']
g_g006975,['취식']
g_g006976,"['체험 활동 / 입장 및 관람', '취식', '휴식']"
g_g006983,['취식']
g_g006986,['취식']
g_g006989,['휴식']
g_g006996,['쇼핑 / 구매']
g_g006999,['취식']
g_g007007,"['체험 활동 / 입장 및 관람', '취식']"
g_g007008,"['단순 구경 / 산책 / 걷기', '취식']"
g_g007012,['취식']
g_g007013,['취식']
g_g007015,['취식']
g_g007017,['취식']
g_g007022,['취식']
g_g007029,['취식']
g_g007033,['취식']
g_g007035,['환승/경유']
g_g007037,['취식']
g_g007038,['취식']
g_g007041,['취식']
g_g007052,['환승/경유']
g_g007054,['취식']
g_g007056,['취식']
g_g007058,"['쇼핑 / 구매', '환승/경유']"
g_g007074,['취식']
g_g007086,"['단순 구경 / 산책 / 걷기', '쇼핑 / 구매']"
g_g007099,['취식']
g_g007104,['취식']
g_g007105,['쇼핑 / 구매']
g_g007120,"['취식', '휴식']"
g_g007122,['취식']
g_g007123,['휴식']
g_g007152,['쇼핑 / 구매']
g_g007157,['취식']
g_g007163,"['단순 구경 / 산책 / 걷기', '취식']"
g_g007175,['취식']
g_g007176,['취식']
g_g007180,['취식']
g_g007196,['취식']
g_g007199,['취식']
g_g007208,['단순 구경 / 산책 / 걷기']
g_g007209,['쇼핑 / 구매']
g_g007213,"['체험 활동 / 입장 및 관람', '취식', '휴식']"
g_g007215,"['쇼핑 / 구매', '체험 활동 / 입장 및 관람', '취식', '휴식']"
g_g007218,['취식']
g_g007223,['취식']
g_g007224,['취식']
g_g007225,['취식']
g_g007226,['취식']
g_g007227,"['쇼핑 / 구매', '환승/경유']"
g_g007228,['취식']
g_g007230,['취식']
g_g007231,"['취식', '휴식']"
g_g007232,['단순 구경 / 산책 / 걷기']
g_g007236,['취식']
g_g007244,['취식']
g_g007248,['취식']
g_g007258,['취식']
g_g007308,"['체험 활동 / 입장 및 관람', '취식']"
g_g007309,['취식']
g_g007310,['취식']
g_g007312,['휴식']
g_g007330,['취식']
g_g007336,['취식']
g_g007337,['취식']
g_g007338,"['취식', '휴식']"
g_g007339,"['단순 구경 / 산책 / 걷기', '체험 활동 / 입장 및 관람', '취식', '휴식']"
g_g007340,['단순 구경 / 산책 / 걷기']
g_g007342,"['단순 구경 / 산책 / 걷기', '체험 활동 / 입장 및 관람', '취식']"
g_g007346,['쇼핑 / 구매']
g_g007347,['단순 구경 / 산책 / 걷기']
g_g007348,['환승/경유']
g_g007351,['취식']
g_g007352,['쇼핑 / 구매']
g_g007353,['취식']
g_g007354,"['단순 구경 / 산책 / 걷기', '취식']"
g_g007355,"['쇼핑 / 구매', '휴식']"
g_g007360,"['체험 활동 / 입장 및 관람', '취식']"
g_g007363,"['단순 구경 / 산책 / 걷기', '쇼핑 / 구매', '체험 활동 / 입장 및 관람', '취식', '휴식']"
g_g007364,"['단순 구경 / 산책 / 걷기', '체험 활동 / 입장 및 관람', '취식', '휴식']"
g_g007366,['휴식']
g_g007368,['취식']
g_g007369,['체험 활동 / 입장 및 관람']
g_g007371,['취식']
g_g007373,['단순 구경 / 산책 / 걷기']
g_g007374,['취식']
g_g007376,"['쇼핑 / 구매', '취식']"
g_g007377,"['단순 구경 / 산책 / 걷기', '쇼핑 / 구매', '취식', '휴식']"
g_g007378,['취식']
g_g007380,['취식']
g_g007381,['취식']
g_g007383,['체험 활동 / 입장 및 관람']
g_g007386,['취식']
g_g007389,['체험 활동 / 입장 및 관람']
g_g007393,"['단순 구경 / 산책 / 걷기', '체험 활동 / 입장 및 관람', '취식']"
g_g007395,['취식']
g_g007396,['취식']
g_g007401,['취식']
g_g007404,['휴식']
g_g007405,"['단순 구경 / 산책 / 걷기', '체험 활동 / 입장 및 관람', '취식', '휴식']"
g_g007407,"['취식', '휴식']"
g_g007410,['취식']
g_g007411,['단순 구경 / 산책 / 걷기']
g_g007412,['취식']
g_g007413,"['단순 구경 / 산책 / 걷기', '취식']"
g_g007414,['쇼핑 / 구매']
g_g007416,"['단순 구경 / 산책 / 걷기', '취식', '휴식']"
g_g007417,['취식']
g_g007420,"['취식', '휴식']"
g_g007432,['취식']
g_g007433,['쇼핑 / 구매']
g_g007434,['단순 구경 / 산책 / 걷기']
g_g007435,['취식']
g_g007454,"['체험 활동 / 입장 및 관람', '취식']"
g_g007476,['취식']
g_g007513,['체험 활동 / 입장 및 관람']
g_g007514,['단순 구경 / 산책 / 걷기']
g_g007515,['환승/경유']
g_g007523,['취식']
g_g007524,['단순 구경 / 산책 / 걷기']
g_g007528,['단순 구경 / 산책 / 걷기']
g_g007535,['휴식']
g_g007536,['취식']
g_g007537,['휴식']
g_g007538,['취식']
g_g007539,['취식']
g_g007540,['취식']
g_g007546,['기타 활동']
g_g007565,['쇼핑 / 구매']
g_g007576,['취식']
g_g007596,['취식']
g_g007614,['취식']
g_g007622,['취식']
g_g007628,['취식']
g_g007644,['휴식']
g_g007671,"['단순 구경 / 산책 / 걷기', '취식']"
g_g007675,"['단순 구경 / 산책 / 걷기', '취식']"
g_g007679,['취식']
g_g007681,"['단순 구경 / 산책 / 걷기', '취식']"
g_g007684,['취식']
g_g007690,['취식']
g_g007694,['단순 구경 / 산책 / 걷기']
g_g007704,"['기타 활동', '단순 구경 / 산책 / 걷기', '체험 활동 / 입장 및 관람', '취식']"
g_g007718,"['체험 활동 / 입장 및 관람', '휴식']"
g_g007727,['취식']
g_g007729,"['쇼핑 / 구매', '없음']"
g_g007748,['취식']
g_g007757,['환승/경유']
g_g007762,['취식']
g_g007765,"['단순 구경 / 산책 / 걷기', '취식', '휴식']"
g_g007773,['취식']
g_g007774,['쇼핑 / 구매']
g_g007776,"['단순 구경 / 산책 / 걷기', '체험 활동 / 입장 및 관람', '취식', '휴식']"
g_g007779,['취식']
g_g007780,['환승/경유']
g_g007785,"['쇼핑 / 구매', '환승/경유', '휴식']"
g_g007786,['환승/경유']
g_g007787,"['체험 활동 / 입장 및 관람', '취식']"
g_g007789,"['쇼핑 / 구매', '취식']"
g_g007792,['취식']
g_g007793,['단순 구경 / 산책 / 걷기']
g_g007807,['단순 구경 / 산책 / 걷기']
g_g007810,['쇼핑 / 구매']
g_g007884,['취식']
g_g007895,['취식']
g_g007932,['쇼핑 / 구매']
g_g007936,['단순 구경 / 산책 / 걷기']
g_g007947,['취식']
g_g007984,"['단순 구경 / 산책 / 걷기', '체험 활동 / 입장 및 관람', '취식']"
g_g007992,['취식']
g_g007993,['취식']
g_g008035,['쇼핑 / 구매']
g_g008048,['취식']
g_g008051,['환승/경유']
g_g008055,['취식']
g_g008062,['취식']
g_g008090,['취식']
g_g008098,"['쇼핑 / 구매', '취식']"
g_g008104,['취식']
g_g008106,"['쇼핑 / 구매', '취식', '환승/경유']"
g_g008141,['쇼핑 / 구매']
g_g008176,['쇼핑 / 구매']
g_g008219,['단순 구경 / 산책 / 걷기']
g_g008224,['취식']
g_g008283,"['단순 구경 / 산책 / 걷기', '체험 활동 / 입장 및 관람', '취식']"
g_g008284,"['단순 구경 / 산책 / 걷기', '취식']"
g_g008304,['취식']
g_g008330,['환승/경유']
g_g008332,['취식']
g_g008338,['환승/경유']
g_g008368,"['취식', '환승/경유']"
g_g008382,['취식']
g_g008383,"['단순 구경 / 산책 / 걷기', '취식', '환승/경유']"
g_g008402,['쇼핑 / 구매']
g_g008405,['취식']
g_g008421,['취식']
g_g008429,['취식']
g_g008434,['단순 구경 / 산책 / 걷기']
g_g008435,['취식']
g_g008471,['취식']
g_g008514,['취식']
g_g008520,['단순 구경 / 산책 / 걷기']
g_g008528,['취식']
g_g008531,"['단순 구경 / 산책 / 걷기', '취식']"
g_g008603,"['취식', '휴식']"
g_g008626,['취식']
g_g008644,['체험 활동 / 입장 및 관람']
g_g008659,['단순 구경 / 산책 / 걷기']
g_g008664,"['단순 구경 / 산책 / 걷기', '체험 활동 / 입장 및 관람', '취식', '휴식']"
g_g008681,['취식']
g_g008701,['취식']
g_g008733,['취식']
g_g008737,['취식']
g_g008763,['취식']
g_g008781,['취식']
g_g008789,"['취식', '환승/경유']"
g_g008798,['환승/경유']
g_g008812,"['단순 구경 / 산책 / 걷기', '취식']"
g_g008830,['쇼핑 / 구매']
g_g008859,['취식']
g_g008863,"['단순 구경 / 산책 / 걷기', '체험 활동 / 입장 및 관람', '휴식']"
g_g008866,"['단순 구경 / 산책 / 걷기', '취식']"
g_g008873,"['단순 구경 / 산책 / 걷기', '체험 활동 / 입장 및 관람']"
g_g008878,['환승/경유']
g_g008895,['취식']
g_g008902,['취식']
g_g008906,['취식']
g_g008925,['취식']
g_g008928,['취식']
g_g008932,['환승/경유']
g_g008968,['단순 구경 / 산책 / 걷기']
g_g009026,['취식']
g_g009034,['취식']
g_g009114,"['단순 구경 / 산책 / 걷기', '체험 활동 / 입장 및 관람', '휴식']"
g_g009161,['쇼핑 / 구매']
g_g009194,['휴식']
g_g009210,"['단순 구경 / 산책 / 걷기', '취식']"
g_g009219,"['단순 구경 / 산책 / 걷기', '취식']"
g_g009232,['쇼핑 / 구매']
g_g009233,['취식']
g_g009266,['쇼핑 / 구매']
g_g009267,['기타 활동']
g_g009273,['쇼핑 / 구매']
g_g009283,['취식']
g_g009291,['취식']
g_g009320,['취식']
g_g009325,['취식']
g_g009329,"['취식', '환승/경유']"
g_g009332,['취식']
g_g009335,"['쇼핑 / 구매', '취식']"
g_g009348,['취식']
g_g009355,['취식']
g_g009360,['체험 활동 / 입장 및 관람']
g_g009362,['단순 구경 / 산책 / 걷기']
g_g009365,['취식']
g_g009367,"['단순 구경 / 산책 / 걷기', '체험 활동 / 입장 및 관람', '취식']"
g_g009368,['휴식']
g_g009370,['취식']
g_g009372,['쇼핑 / 구매']
g_g009401,['취식']
g_g009414,"['취식', '휴식']"
g_g009442,"['쇼핑 / 구매', '취식']"
g_g009465,['체험 활동 / 입장 및 관람']
g_g009482,['휴식']
g_g009503,['단순 구경 / 산책 / 걷기']
g_g009526,['단순 구경 / 산책 / 걷기']
g_g009533,['쇼핑 / 구매']
g_g009557,['취식']
g_g009573,['환승/경유']
g_g009577,['단순 구경 / 산책 / 걷기']
g_g009630,['취식']
g_g009639,['체험 활동 / 입장 및 관람']
g_g009661,['환승/경유']
g_g009732,['쇼핑 / 구매']
g_g009738,['쇼핑 / 구매']
g_g009745,['취식']
g_g009768,['단순 구경 / 산책 / 걷기']
g_g009771,"['취식', '휴식']"
g_g009783,"['쇼핑 / 구매', '취식', '환승/경유']"
g_g009798,"['체험 활동 / 입장 및 관람', '취식']"
g_g009802,['취식']
g_g009815,['취식']
g_g009819,"['단순 구경 / 산책 / 걷기', '취식']"
g_g009821,"['체험 활동 / 입장 및 관람', '취식']"
g_g009858,"['취식', '휴식']"
g_g009864,['휴식']
g_g009879,"['취식', '휴식']"
g_g009898,['체험 활동 / 입장 및 관람']
g_g009913,['취식']
g_g009929,"['단순 구경 / 산책 / 걷기', '쇼핑 / 구매', '취식']"
g_g009931,['취식']
g_g009962,['단순 구경 / 산책 / 걷기']
g_g009973,['환승/경유']
g_g010002,['취식']
g_g010037,['취식']
g_g010043,['취식']
g_g010044,"['단순 구경 / 산책 / 걷기', '쇼핑 / 구매']"
g_g010107,['취식']
g_g010119,"['쇼핑 / 구매', '취식']"
g_g010153,"['쇼핑 / 구매', '취식']"
g_g010164,['취식']
g_g010200,['단순 구경 / 산책 / 걷기']
g_g010210,"['단순 구경 / 산책 / 걷기', '취식']"
g_g010218,"['단순 구경 / 산책 / 걷기', '체험 활동 / 입장 및 관람', '취식']"
g_g010222,"['취식', '휴식']"
g_g010224,['취식']
g_g010248,['취식']
g_g010256,"['단순 구경 / 산책 / 걷기', '취식', '휴식']"
g_g010282,"['체험 활동 / 입장 및 관람', '취식']"
g_g010342,"['취식', '휴식']"
g_g010348,"['취식', '환승/경유']"
g_g010357,['단순 구경 / 산책 / 걷기']
g_g010391,['취식']
g_g010401,['환승/경유']
g_g010407,['체험 활동 / 입장 및 관람']
g_g010412,"['체험 활동 / 입장 및 관람', '취식']"
g_g010413,"['단순 구경 / 산책 / 걷기', '취식', '휴식']"
g_g010415,['체험 활동 / 입장 및 관람']
g_g010423,['단순 구경 / 산책 / 걷기']
g_g010430,['취식']
g_g010439,['단순 구경 / 산책 / 걷기']
g_g010441,['취식']
g_g010442,['취식']
g_g010444,['취식']
g_g010456,"['쇼핑 / 구매', '취식']"
g_g010458,['취식']
g_g010461,['취식']
g_g010464,['취식']
g_g010476,"['단순 구경 / 산책 / 걷기', '체험 활동 / 입장 및 관람']"
g_g010477,['취식']
g_g010483,['취식']
g_g010492,['취식']
g_g010506,['취식']
g_g010508,['단순 구경 / 산책 / 걷기']
g_g010510,"['단순 구경 / 산책 / 걷기', '취식']"
g_g010515,['환승/경유']
g_g010521,['취식']
g_g010526,['취식']
g_g010545,['취식']
g_g010552,"['단순 구경 / 산책 / 걷기', '체험 활동 / 입장 및 관람', '취식']"
g_g010557,['취식']
g_g010569,"['취식', '휴식']"
g_g010573,"['단순 구경 / 산책 / 걷기', '쇼핑 / 구매', '취식', '환승/경유']"
g_g010594,['취식']
g_g010599,"['기타 활동', '쇼핑 / 구매', '취식', '휴식']"
g_g010601,"['쇼핑 / 구매', '취식']"
g_g010617,"['기타 활동', '쇼핑 / 구매', '취식']"
g_g010624,"['취식', '환승/경유']"
g_g010633,['쇼핑 / 구매']
g_g010635,"['체험 활동 / 입장 및 관람', '환승/경유']"
g_g010656,['취식']
g_g010657,"['체험 활동 / 입장 및 관람', '취식']"
g_g010673,['취식']
g_g010674,['단순 구경 / 산책 / 걷기']
g_g010703,['환승/경유']
g_g010705,['취식']
g_g010717,['단순 구경 / 산책 / 걷기']
g_g010733,['휴식']
g_g010735,['쇼핑 / 구매']
g_g010743,"['단순 구경 / 산책 / 걷기', '취식', '휴식']"
g_g010747,['취식']
g_g010752,['취식']
g_g010757,"['단순 구경 / 산책 / 걷기', '휴식']"
g_g010759,['단순 구경 / 산책 / 걷기']
g_g010773,['취식']
g_g010776,['쇼핑 / 구매']
g_g010780,['취식']
g_g010781,['취식']
g_g010785,"['단순 구경 / 산책 / 걷기', '취식']"
g_g010799,"['취식', '휴식']"
g_g010805,"['체험 활동 / 입장 및 관람', '취식']"
g_g010807,"['단순 구경 / 산책 / 걷기', '휴식']"
g_g010811,['단순 구경 / 산책 / 걷기']
g_g010816,['취식']
g_g010824,['취식']
g_g010835,"['체험 활동 / 입장 및 관람', '취식']"
g_g010836,['취식']
g_g010838,['휴식']
g_g010840,['취식']
g_g010847,['취식']
g_g010850,"['쇼핑 / 구매', '취식']"
g_g010859,['취식']
g_g010860,['취식']
g_g010864,"['단순 구경 / 산책 / 걷기', '체험 활동 / 입장 및 관람', '취식']"
g_g010870,"['단순 구경 / 산책 / 걷기', '취식']"
g_g010878,"['취식', '환승/경유']"
g_g010908,['취식']
g_g010910,"['단순 구경 / 산책 / 걷기', '쇼핑 / 구매', '체험 활동 / 입장 및 관람']"
g_g010930,"['단순 구경 / 산책 / 걷기', '체험 활동 / 입장 및 관람']"
g_g010931,['단순 구경 / 산책 / 걷기']
g_g010932,['쇼핑 / 구매']
g_g010939,"['체험 활동 / 입장 및 관람', '취식']"
g_g010944,['취식']
g_g010945,['취식']
g_g010950,['취식']
g_g010954,['단순 구경 / 산책 / 걷기']
g_g010972,"['쇼핑 / 구매', '취식', '휴식']"
g_g010976,['취식']
g_g010979,"['체험 활동 / 입장 및 관람', '취식']"
g_g010982,"['체험 활동 / 입장 및 관람', '환승/경유']"
g_g011009,"['단순 구경 / 산책 / 걷기', '취식', '휴식']"
g_g011018,"['단순 구경 / 산책 / 걷기', '취식', '휴식']"
g_g011038,"['기타 활동', '단순 구경 / 산책 / 걷기', '취식', '휴식']"
g_g011045,['단순 구경 / 산책 / 걷기']
g_g011053,['취식']
g_g011054,"['단순 구경 / 산책 / 걷기', '체험 활동 / 입장 및 관람', '취식']"
g_g011060,['취식']
g_g011076,['취식']
g_g011077,"['단순 구경 / 산책 / 걷기', '취식', '휴식']"
g_g011078,"['단순 구경 / 산책 / 걷기', '쇼핑 / 구매', '체험 활동 / 입장 및 관람']"
g_g011086,['취식']
g_g011091,['단순 구경 / 산책 / 걷기']
g_g011096,"['단순 구경 / 산책 / 걷기', '체험 활동 / 입장 및 관람', '취식']"
g_g011097,"['단순 구경 / 산책 / 걷기', '체험 활동 / 입장 및 관람', '취식']"
g_g011098,"['쇼핑 / 구매', '취식']"
g_g011101,['환승/경유']
g_g011102,['취식']
g_g011105,['단순 구경 / 산책 / 걷기']
g_g011106,"['취식', '휴식']"
g_g011120,['취식']
g_g011123,['체험 활동 / 입장 및 관람']
g_g011127,['쇼핑 / 구매']
g_g011129,['체험 활동 / 입장 및 관람']
g_g011131,['환승/경유']
g_g011137,['취식']
g_g011146,"['체험 활동 / 입장 및 관람', '취식']"
g_g011148,['체험 활동 / 입장 및 관람']
g_g011161,"['쇼핑 / 구매', '취식']"
g_g011162,['취식']
g_g011163,['환승/경유']
g_g011164,"['쇼핑 / 구매', '취식', '환승/경유']"
g_g011166,['환승/경유']
g_g011171,"['체험 활동 / 입장 및 관람', '취식']"
g_g011173,['단순 구경 / 산책 / 걷기']
g_g011188,['쇼핑 / 구매']
g_g011189,"['단순 구경 / 산책 / 걷기', '취식']"
g_g011192,"['기타 활동', '체험 활동 / 입장 및 관람', '취식']"
g_g011194,['단순 구경 / 산책 / 걷기']
g_g011197,['단순 구경 / 산책 / 걷기']
g_g011200,['기타 활동']
g_g011207,"['단순 구경 / 산책 / 걷기', '취식']"
g_g011212,['체험 활동 / 입장 및 관람']
g_g011228,"['단순 구경 / 산책 / 걷기', '취식']"
g_g011229,"['없음', '취식']"
g_g011232,['취식']
g_g011233,['단순 구경 / 산책 / 걷기']
g_g011239,['단순 구경 / 산책 / 걷기']
g_g011242,"['취식', '환승/경유']"
g_g011254,['취식']
g_g011255,['체험 활동 / 입장 및 관람']
g_g011268,"['단순 구경 / 산책 / 걷기', '취식']"
g_g011274,['단순 구경 / 산책 / 걷기']
g_g011276,"['쇼핑 / 구매', '환승/경유']"
g_g011286,['환승/경유']
g_g011291,['취식']
g_g011292,['취식']
g_g011295,"['체험 활동 / 입장 및 관람', '휴식']"
g_g011297,"['쇼핑 / 구매', '체험 활동 / 입장 및 관람']"
g_g011299,['취식']
g_g011300,"['단순 구경 / 산책 / 걷기', '쇼핑 / 구매', '취식']"
g_g011305,"['쇼핑 / 구매', '환승/경유']"
g_g011318,['취식']
g_g011323,['취식']
g_g011344,['취식']
g_g011354,['취식']
g_g011365,"['단순 구경 / 산책 / 걷기', '취식']"
g_g011370,['취식']
g_g011374,"['단순 구경 / 산책 / 걷기', '취식']"
g_g011376,['취식']
g_g011393,['취식']
g_g011396,"['쇼핑 / 구매', '취식']"
g_g011398,['취식']
g_g011399,"['단순 구경 / 산책 / 걷기', '체험 활동 / 입장 및 관람']"
g_g011408,"['쇼핑 / 구매', '취식']"
g_g011409,['환승/경유']
g_g011411,['취식']
g_g011412,"['취식', '환승/경유']"
g_g011422,['취식']
g_g011430,['취식']
g_g011432,"['단순 구경 / 산책 / 걷기', '취식']"
g_g011435,['취식']
g_g011441,"['단순 구경 / 산책 / 걷기', '체험 활동 / 입장 및 관람', '취식', '휴식']"
g_g011444,"['단순 구경 / 산책 / 걷기', '취식']"
g_g011448,['쇼핑 / 구매']
g_g011449,"['단순 구경 / 산책 / 걷기', '쇼핑 / 구매', '체험 활동 / 입장 및 관람', '환승/경유']"
g_g011450,['취식']
g_g011454,['휴식']
g_g011459,['쇼핑 / 구매']
g_g011461,"['단순 구경 / 산책 / 걷기', '쇼핑 / 구매', '취식', '휴식']"
g_g011464,['환승/경유']
g_g011470,['취식']
g_g011472,"['취식', '휴식']"
g_g011473,"['체험 활동 / 입장 및 관람', '취식']"
g_g011476,['취식']
g_g011477,"['단순 구경 / 산책 / 걷기', '체험 활동 / 입장 및 관람', '취식', '휴식']"
g_g011478,"['쇼핑 / 구매', '취식']"
g_g011479,['취식']
g_g011481,['단순 구경 / 산책 / 걷기']
g_g011482,"['체험 활동 / 입장 및 관람', '취식']"
g_g011486,"['체험 활동 / 입장 및 관람', '취식']"
g_g011487,"['체험 활동 / 입장 및 관람', '취식']"
g_g011489,['휴식']
g_g011490,"['단순 구경 / 산책 / 걷기', '취식']"
g_g011491,"['취식', '휴식']"
g_g011496,['단순 구경 / 산책 / 걷기']
g_g011500,"['체험 활동 / 입장 및 관람', '환승/경유']"
g_g011502,['취식']
g_g011508,['취식']
g_g011509,['환승/경유']
g_g011510,"['취식', '환승/경유']"
g_g011511,"['단순 구경 / 산책 / 걷기', '취식', '휴식']"
g_g011514,['취식']
g_g011515,"['체험 활동 / 입장 및 관람', '취식']"
g_g011517,['취식']
g_g011519,['취식']
g_g011522,['단순 구경 / 산책 / 걷기']
g_g011524,['환승/경유']
g_g011526,"['체험 활동 / 입장 및 관람', '취식']"
g_g011528,['단순 구경 / 산책 / 걷기']
g_g011529,['취식']
g_g011530,['취식']
g_g011531,['취식']
g_g011533,['취식']
g_g011534,['환승/경유']
g_g011537,['단순 구경 / 산책 / 걷기']
g_g011541,"['단순 구경 / 산책 / 걷기', '체험 활동 / 입장 및 관람', '취식']"
g_g011551,"['쇼핑 / 구매', '체험 활동 / 입장 및 관람', '취식']"
g_g011555,"['단순 구경 / 산책 / 걷기', '쇼핑 / 구매', '체험 활동 / 입장 및 관람', '취식']"
g_g011558,"['체험 활동 / 입장 및 관람', '취식']"
g_g011562,['휴식']
g_g011566,['취식']
g_g011567,['취식']
g_g011571,['휴식']
g_g011574,"['쇼핑 / 구매', '취식']"
g_g011577,['단순 구경 / 산책 / 걷기']
g_g011578,['취식']
g_g011580,['체험 활동 / 입장 및 관람']
g_g011581,['쇼핑 / 구매']
g_g011582,"['체험 활동 / 입장 및 관람', '환승/경유']"
g_g011586,"['단순 구경 / 산책 / 걷기', '취식']"
g_g011590,['취식']
g_g011591,['단순 구경 / 산책 / 걷기']
g_g011593,"['단순 구경 / 산책 / 걷기', '취식']"
g_g011597,['취식']
g_g011598,"['단순 구경 / 산책 / 걷기', '취식', '휴식']"
g_g011600,"['쇼핑 / 구매', '없음', '체험 활동 / 입장 및 관람', '취식']"
g_g011607,['단순 구경 / 산책 / 걷기']
g_g011612,['취식']
g_g011613,"['취식', '휴식']"
g_g011614,"['취식', '휴식']"
g_g011619,['쇼핑 / 구매']
g_g011620,['단순 구경 / 산책 / 걷기']
g_g011622,"['체험 활동 / 입장 및 관람', '취식', '휴식']"
g_g011628,"['단순 구경 / 산책 / 걷기', '취식', '휴식']"
g_g011629,['취식']
g_g011630,"['쇼핑 / 구매', '취식']"
g_g011631,['취식']
g_g011636,"['단순 구경 / 산책 / 걷기', '쇼핑 / 구매', '휴식']"
g_g011637,"['취식', '환승/경유']"
g_g011644,"['쇼핑 / 구매', '취식']"
g_g011645,['취식']
g_g011657,['체험 활동 / 입장 및 관람']
g_g011669,['취식']
g_g011673,['취식']
g_g011674,"['단순 구경 / 산책 / 걷기', '휴식']"
g_g011677,['쇼핑 / 구매']
g_g011679,['취식']
g_g011680,['단순 구경 / 산책 / 걷기']
g_g011683,['휴식']
g_g011685,"['체험 활동 / 입장 및 관람', '취식']"
g_g011687,['취식']
g_g011691,['단순 구경 / 산책 / 걷기']
g_g011692,['취식']
g_g011697,['취식']
g_g011704,"['단순 구경 / 산책 / 걷기', '취식']"
g_g011708,"['단순 구경 / 산책 / 걷기', '체험 활동 / 입장 및 관람']"
g_g011709,['단순 구경 / 산책 / 걷기']
g_g011714,['단순 구경 / 산책 / 걷기']
g_g011717,"['단순 구경 / 산책 / 걷기', '취식']"
g_g011721,"['체험 활동 / 입장 및 관람', '취식']"
g_g011722,"['체험 활동 / 입장 및 관람', '취식']"
g_g011724,['쇼핑 / 구매']
g_g011726,['취식']
g_g011734,['취식']
g_g011746,"['단순 구경 / 산책 / 걷기', '취식']"
g_g011753,['체험 활동 / 입장 및 관람']
g_g011754,['환승/경유']
g_g011764,['취식']
g_g011786,['쇼핑 / 구매']
g_g011787,['단순 구경 / 산책 / 걷기']
g_g011789,['취식']
g_g011791,"['기타 활동', '취식', '휴식']"
g_g011805,['체험 활동 / 입장 및 관람']
g_g011813,['체험 활동 / 입장 및 관람']
g_g011816,['환승/경유']
g_g011818,['취식']
g_g011819,['취식']
g_g011821,"['체험 활동 / 입장 및 관람', '취식']"
g_g011822,['단순 구경 / 산책 / 걷기']
g_g011824,['취식']
g_g011825,['취식']
g_g011826,['단순 구경 / 산책 / 걷기']
g_g011827,['환승/경유']
g_g011829,['취식']
g_g011830,['체험 활동 / 입장 및 관람']
g_g011832,"['단순 구경 / 산책 / 걷기', '쇼핑 / 구매', '체험 활동 / 입장 및 관람', '취식', '휴식']"
g_g011833,['취식']
g_g011835,['취식']
g_g011836,['쇼핑 / 구매']
g_g011837,['환승/경유']
g_g011838,"['취식', '휴식']"
g_g011840,"['취식', '휴식']"
g_g011841,['취식']
g_g011843,['환승/경유']
g_g011847,['취식']
g_g011849,['체험 활동 / 입장 및 관람']
g_g011850,['취식']
g_g011851,['환승/경유']
g_g011854,['취식']
g_g011857,['취식']
g_g011858,['취식']
g_g011859,"['단순 구경 / 산책 / 걷기', '취식']"
g_g011860,['취식']
g_g011872,"['단순 구경 / 산책 / 걷기', '취식', '휴식']"
g_g011873,['취식']
g_g011876,['환승/경유']
g_g011881,['단순 구경 / 산책 / 걷기']
g_g011882,['취식']
g_g011899,['취식']
g_g011903,"['단순 구경 / 산책 / 걷기', '환승/경유']"
g_g011905,"['단순 구경 / 산책 / 걷기', '환승/경유', '휴식']"
g_g011908,['쇼핑 / 구매']
g_g011914,['환승/경유']
g_g011918,"['단순 구경 / 산책 / 걷기', '휴식']"
g_g011922,['쇼핑 / 구매']
g_g011924,"['단순 구경 / 산책 / 걷기', '취식', '휴식']"
g_g011925,['단순 구경 / 산책 / 걷기']
g_g011926,['휴식']
g_g011927,['체험 활동 / 입장 및 관람']
g_g011928,['단순 구경 / 산책 / 걷기']
g_g011929,['취식']
g_g011930,['취식']
g_g011931,['취식']
g_g011934,"['체험 활동 / 입장 및 관람', '환승/경유']"
g_g011940,"['취식', '휴식']"
g_g011942,"['단순 구경 / 산책 / 걷기', '취식']"
g_g011943,"['체험 활동 / 입장 및 관람', '취식']"
g_g011944,['휴식']
g_g011949,"['쇼핑 / 구매', '체험 활동 / 입장 및 관람']"
g_g011950,['쇼핑 / 구매']
g_g011952,['환승/경유']
g_g011966,"['체험 활동 / 입장 및 관람', '취식']"
g_g011970,['취식']
g_g011971,"['단순 구경 / 산책 / 걷기', '체험 활동 / 입장 및 관람', '취식']"
g_g011972,['취식']
g_g011983,['취식']
g_g011990,['취식']
g_g011996,"['단순 구경 / 산책 / 걷기', '취식']"
g_g011999,"['체험 활동 / 입장 및 관람', '취식']"
g_g012152,"['단순 구경 / 산책 / 걷기', '체험 활동 / 입장 및 관람', '취식']"
g_g012153,['취식']
g_g012155,"['단순 구경 / 산책 / 걷기', '취식']"
g_g012157,['단순 구경 / 산책 / 걷기']
g_g012159,['단순 구경 / 산책 / 걷기']
g_g012160,"['단순 구경 / 산책 / 걷기', '쇼핑 / 구매', '없음', '취식', '휴식']"
g_g012161,"['체험 활동 / 입장 및 관람', '취식']"
g_g012162,['취식']
g_g012164,['취식']
g_g012171,['체험 활동 / 입장 및 관람']
g_g012173,"['단순 구경 / 산책 / 걷기', '취식', '휴식']"
g_g012174,['단순 구경 / 산책 / 걷기']
g_g012175,"['쇼핑 / 구매', '취식']"
g_g012176,['취식']
g_g012177,"['쇼핑 / 구매', '환승/경유']"
g_g012179,['휴식']
g_g012181,"['체험 활동 / 입장 및 관람', '취식']"
g_g012182,['취식']
g_g012183,['쇼핑 / 구매']
g_g012185,['환승/경유']
g_g012186,['단순 구경 / 산책 / 걷기']
g_g012188,"['쇼핑 / 구매', '체험 활동 / 입장 및 관람', '취식']"
g_g012189,['쇼핑 / 구매']
g_g012190,['체험 활동 / 입장 및 관람']
g_g012192,['취식']
g_g012194,['휴식']
g_g012196,['체험 활동 / 입장 및 관람']
g_g012197,"['취식', '휴식']"
g_g012199,['휴식']
g_g012200,['취식']
g_g012201,['취식']
g_g012203,"['체험 활동 / 입장 및 관람', '휴식']"
g_g012205,['취식']
g_g012207,['체험 활동 / 입장 및 관람']
g_g012209,"['기타 활동', '단순 구경 / 산책 / 걷기', '쇼핑 / 구매', '체험 활동 / 입장 및 관람', '취식', '휴식']"
g_g012212,['기타 활동']
g_g012220,"['취식', '휴식']"
g_g012226,['체험 활동 / 입장 및 관람']
g_g012227,"['체험 활동 / 입장 및 관람', '취식']"
g_g012228,['환승/경유']
g_g012235,"['취식', '휴식']"
g_g012236,['단순 구경 / 산책 / 걷기']
g_g012238,['단순 구경 / 산책 / 걷기']
g_g012239,['취식']
g_g012240,['환승/경유']
g_g012246,['단순 구경 / 산책 / 걷기']
g_g012251,['쇼핑 / 구매']
g_g012254,['단순 구경 / 산책 / 걷기']
g_g012255,['취식']
g_g012256,['단순 구경 / 산책 / 걷기']
g_g012257,['단순 구경 / 산책 / 걷기']
g_g012258,['취식']
g_g012260,['단순 구경 / 산책 / 걷기']
g_g012261,"['취식', '환승/경유', '휴식']"
g_g012267,['쇼핑 / 구매']
g_g012269,['단순 구경 / 산책 / 걷기']
g_g012270,['쇼핑 / 구매']
g_g012276,"['단순 구경 / 산책 / 걷기', '취식']"
g_g012277,"['체험 활동 / 입장 및 관람', '취식']"
g_g012278,"['단순 구경 / 산책 / 걷기', '체험 활동 / 입장 및 관람', '취식']"
g_g012280,['체험 활동 / 입장 및 관람']
g_g012282,"['단순 구경 / 산책 / 걷기', '휴식']"
g_g012283,['취식']
g_g012289,['취식']
g_g012300,"['기타 활동', '환승/경유']"
g_g012304,['체험 활동 / 입장 및 관람']
g_g012307,['단순 구경 / 산책 / 걷기']
g_g012308,"['단순 구경 / 산책 / 걷기', '취식', '휴식']"
g_g012311,['단순 구경 / 산책 / 걷기']
g_g012314,['체험 활동 / 입장 및 관람']
g_g012316,['취식']
g_g012318,"['단순 구경 / 산책 / 걷기', '쇼핑 / 구매', '체험 활동 / 입장 및 관람', '취식', '휴식']"
g_g012323,['취식']
g_g012325,"['단순 구경 / 산책 / 걷기', '취식']"
g_g012326,['환승/경유']
g_g012333,['단순 구경 / 산책 / 걷기']
g_g012337,['취식']
g_g012338,['체험 활동 / 입장 및 관람']
g_g012339,"['체험 활동 / 입장 및 관람', '취식']"
g_g012347,['취식']
g_g012348,['환승/경유']
g_g012350,['체험 활동 / 입장 및 관람']
g_g012351,['단순 구경 / 산책 / 걷기']
g_g012353,"['체험 활동 / 입장 및 관람', '취식']"
g_g012371,['쇼핑 / 구매']
g_g012372,"['취식', '휴식']"
g_g012377,['단순 구경 / 산책 / 걷기']
g_g012379,['체험 활동 / 입장 및 관람']
g_g012382,['체험 활동 / 입장 및 관람']
g_g012383,['취식']
g_g012386,['단순 구경 / 산책 / 걷기']
g_g012388,"['단순 구경 / 산책 / 걷기', '체험 활동 / 입장 및 관람', '취식', '휴식']"
g_g012389,['취식']
g_g012391,['휴식']
g_g012392,"['취식', '휴식']"
g_g012396,['단순 구경 / 산책 / 걷기']
g_g012400,"['단순 구경 / 산책 / 걷기', '취식']"
g_g012402,['체험 활동 / 입장 및 관람']
g_g012406,"['취식', '휴식']"
g_g012410,['체험 활동 / 입장 및 관람']
g_g012420,['취식']
g_g012422,['취식']
g_g012430,"['단순 구경 / 산책 / 걷기', '취식', '휴식']"
g_g012431,['쇼핑 / 구매']
g_g012433,['단순 구경 / 산책 / 걷기']
g_g012435,['휴식']
g_g012436,['취식']
g_g012439,['취식']
g_g012447,"['체험 활동 / 입장 및 관람', '취식']"
g_g012455,['단순 구경 / 산책 / 걷기']
g_g012457,['쇼핑 / 구매']
g_g012458,['단순 구경 / 산책 / 걷기']
g_g012463,"['단순 구경 / 산책 / 걷기', '쇼핑 / 구매', '취식']"
g_g012466,['환승/경유']
g_g012472,"['취식', '환승/경유']"
g_g012473,"['쇼핑 / 구매', '취식']"
g_g012475,['취식']
g_g012478,['취식']
g_g012484,['단순 구경 / 산책 / 걷기']
g_g012487,"['쇼핑 / 구매', '취식']"
g_g012494,['환승/경유']
g_g012497,['체험 활동 / 입장 및 관람']
g_g012498,['체험 활동 / 입장 및 관람']
g_g012502,['단순 구경 / 산책 / 걷기']
g_g012504,['단순 구경 / 산책 / 걷기']
g_g012505,"['단순 구경 / 산책 / 걷기', '휴식']"
g_g012515,"['쇼핑 / 구매', '체험 활동 / 입장 및 관람']"
g_g012516,"['쇼핑 / 구매', '환승/경유']"
g_g012518,"['쇼핑 / 구매', '체험 활동 / 입장 및 관람']"
g_g012520,['체험 활동 / 입장 및 관람']
g_g012523,"['쇼핑 / 구매', '취식']"
g_g012528,"['체험 활동 / 입장 및 관람', '취식']"
g_g012530,['취식']
g_g012531,['취식']
g_g012532,['체험 활동 / 입장 및 관람']
g_g012541,['취식']
g_g012542,['취식']
g_g012544,['취식']
g_g012546,"['쇼핑 / 구매', '체험 활동 / 입장 및 관람', '취식']"
g_g012557,['취식']
g_g012571,['취식']
g_g012572,['취식']
g_g012580,['체험 활동 / 입장 및 관람']
g_g012582,"['쇼핑 / 구매', '취식']"
g_g012583,['취식']
g_g012586,['단순 구경 / 산책 / 걷기']
g_g012591,"['취식', '휴식']"
g_g012596,['환승/경유']
g_g012604,"['취식', '환승/경유']"
g_g012617,['취식']
g_g012620,['취식']
g_g012624,"['단순 구경 / 산책 / 걷기', '휴식']"
g_g012628,['휴식']
g_g012634,['취식']
g_g012639,"['단순 구경 / 산책 / 걷기', '취식']"
g_g012643,['취식']
g_g012650,['취식']
g_g012653,['취식']
g_g012655,['체험 활동 / 입장 및 관람']
g_g012656,['취식']
g_g012658,['취식']
g_g012659,['단순 구경 / 산책 / 걷기']
g_g012660,['취식']
g_g012662,['취식']
g_g012665,"['기타 활동', '체험 활동 / 입장 및 관람', '취식']"
g_g012674,['취식']
g_g012675,['취식']
g_g012676,['단순 구경 / 산책 / 걷기']
g_g012677,"['쇼핑 / 구매', '취식']"
g_g012679,['체험 활동 / 입장 및 관람']
g_g012680,['취식']
g_g012682,['취식']
g_g012686,['취식']
g_g012687,"['단순 구경 / 산책 / 걷기', '취식']"
g_g012688,"['단순 구경 / 산책 / 걷기', '체험 활동 / 입장 및 관람', '취식', '휴식']"
g_g012689,['취식']
g_g012690,"['단순 구경 / 산책 / 걷기', '체험 활동 / 입장 및 관람', '취식']"
g_g012696,['단순 구경 / 산책 / 걷기']
g_g012697,"['단순 구경 / 산책 / 걷기', '체험 활동 / 입장 및 관람', '취식', '휴식']"
g_g012698,['취식']
g_g012699,['단순 구경 / 산책 / 걷기']
g_g012702,"['단순 구경 / 산책 / 걷기', '취식']"
g_g012704,"['단순 구경 / 산책 / 걷기', '쇼핑 / 구매', '체험 활동 / 입장 및 관람', '취식', '휴식']"
g_g012705,"['쇼핑 / 구매', '취식']"
g_g012711,['단순 구경 / 산책 / 걷기']
g_g012713,['쇼핑 / 구매']
g_g012716,['쇼핑 / 구매']
g_g012718,['단순 구경 / 산책 / 걷기']
g_g012721,['쇼핑 / 구매']
g_g012723,['취식']
g_g012724,['취식']
g_g012726,['쇼핑 / 구매']
g_g012727,"['단순 구경 / 산책 / 걷기', '휴식']"
g_g012728,"['단순 구경 / 산책 / 걷기', '쇼핑 / 구매']"
g_g012731,"['단순 구경 / 산책 / 걷기', '쇼핑 / 구매', '환승/경유']"
g_g012732,['휴식']
g_g012742,['단순 구경 / 산책 / 걷기']
g_g012745,['단순 구경 / 산책 / 걷기']
g_g012749,"['취식', '환승/경유']"
g_g012750,"['취식', '휴식']"
g_g012751,"['체험 활동 / 입장 및 관람', '취식']"
g_g012752,['환승/경유']
g_g012753,['취식']
g_g012755,['취식']
g_g012757,"['단순 구경 / 산책 / 걷기', '휴식']"
g_g012761,['단순 구경 / 산책 / 걷기']
g_g012764,['취식']
g_g012767,['취식']
g_g012770,"['단순 구경 / 산책 / 걷기', '체험 활동 / 입장 및 관람', '취식']"
g_g012772,['취식']
g_g012774,['휴식']
g_g012775,"['쇼핑 / 구매', '체험 활동 / 입장 및 관람', '취식']"
g_g012776,"['단순 구경 / 산책 / 걷기', '취식']"
g_g012780,['쇼핑 / 구매']
g_g012781,['취식']
g_g012783,"['체험 활동 / 입장 및 관람', '환승/경유']"
g_g012791,['체험 활동 / 입장 및 관람']
g_g012796,['단순 구경 / 산책 / 걷기']
g_g012803,['취식']
g_g012805,['단순 구경 / 산책 / 걷기']
g_g012807,['취식']
g_g012812,"['쇼핑 / 구매', '취식', '휴식']"
g_g012814,['체험 활동 / 입장 및 관람']
g_g012831,['취식']
g_g012857,"['단순 구경 / 산책 / 걷기', '취식']"
g_g012858,['체험 활동 / 입장 및 관람']
g_g012864,['취식']
g_g012873,['단순 구경 / 산책 / 걷기']
g_g012874,"['체험 활동 / 입장 및 관람', '취식']"
g_g012880,['취식']
g_g012883,['단순 구경 / 산책 / 걷기']
g_g012884,['취식']
g_g012891,['단순 구경 / 산책 / 걷기']
g_g012902,['쇼핑 / 구매']
g_g012905,"['체험 활동 / 입장 및 관람', '취식']"
g_g012917,['체험 활동 / 입장 및 관람']
g_g012919,"['체험 활동 / 입장 및 관람', '취식']"
g_g012927,['단순 구경 / 산책 / 걷기']
g_g012933,"['단순 구경 / 산책 / 걷기', '체험 활동 / 입장 및 관람']"
g_g012936,['환승/경유']
g_g012943,"['단순 구경 / 산책 / 걷기', '쇼핑 / 구매', '없음', '체험 활동 / 입장 및 관람', '취식']"
g_g012963,"['단순 구경 / 산책 / 걷기', '취식', '휴식']"
g_g012989,['환승/경유']
g_g012990,['단순 구경 / 산책 / 걷기']
g_g012999,"['단순 구경 / 산책 / 걷기', '체험 활동 / 입장 및 관람']"
g_g013010,['환승/경유']
g_g013012,['쇼핑 / 구매']
g_g013022,['취식']
g_g013023,['취식']
g_g013024,['취식']
g_g013027,"['단순 구경 / 산책 / 걷기', '쇼핑 / 구매']"
g_g013029,"['취식', '휴식']"
g_g013037,['체험 활동 / 입장 및 관람']
g_g013038,['취식']
g_g013041,['단순 구경 / 산책 / 걷기']
g_g013042,['없음']
g_g013044,"['쇼핑 / 구매', '취식', '환승/경유']"
g_g013045,"['단순 구경 / 산책 / 걷기', '체험 활동 / 입장 및 관람']"
g_g013046,"['단순 구경 / 산책 / 걷기', '취식', '휴식']"
g_g013048,['체험 활동 / 입장 및 관람']
g_g013050,['취식']
g_g013059,"['단순 구경 / 산책 / 걷기', '취식']"
g_g013061,"['단순 구경 / 산책 / 걷기', '취식']"
g_g013062,['체험 활동 / 입장 및 관람']
g_g013063,['취식']
g_g013065,['쇼핑 / 구매']
g_g013066,['취식']
g_g013070,"['체험 활동 / 입장 및 관람', '취식']"
g_g013074,"['쇼핑 / 구매', '체험 활동 / 입장 및 관람']"
g_g013080,"['쇼핑 / 구매', '취식']"
g_g013084,"['단순 구경 / 산책 / 걷기', '취식', '휴식']"
g_g013087,['취식']
g_g013088,['쇼핑 / 구매']
g_g013090,['환승/경유']
g_g013093,"['단순 구경 / 산책 / 걷기', '쇼핑 / 구매']"
g_g013095,"['단순 구경 / 산책 / 걷기', '휴식']"
g_g013096,['단순 구경 / 산책 / 걷기']
g_g013097,['단순 구경 / 산책 / 걷기']
g_g013102,['취식']
g_g013105,['취식']
g_g013111,"['단순 구경 / 산책 / 걷기', '취식']"
g_g013113,['쇼핑 / 구매']
g_g013114,"['체험 활동 / 입장 및 관람', '취식']"
g_g013125,['취식']
g_g013127,['취식']
g_g013128,['취식']
g_g013131,"['단순 구경 / 산책 / 걷기', '휴식']"
h_h001459,['휴식']
h_h003280,['휴식']
